pubid,question,reference_decision,reference_answer,generated_answer,source_rank,source_in_top5,answer_correctness,evidence_grounding,abstention_behavior,failure_attribution,confidence,review_notes
10331115,Is amoxapine an atypical antipsychotic?,yes,"PET data show that amoxapine's profile is very similar to that of the established atypical antipsychotics. These data, together with amoxapine's in vitro pharmacologic profile, effectiveness in animal models, and efficacy in psychotic depression raise the possibility of amoxapine as an ""atypical"" antipsychotic agent in the treatment of schizophrenia.","Amoxapine is considered an atypical antipsychotic based on its receptor occupancy profile. Source 1 (PubMed ID: 10331115) states that amoxapine meets the criteria for atypical antipsychotics: it exhibits high serotonin (5-HT2) receptor occupancy, greater 5-HT2 than dopamine (D2) occupancy, and dose-dependent D2 occupancy that never exceeds 80%. These findings align with the pharmacological profile of atypical antipsychotics.",1,True,correct,grounded,not_applicable,no_failure,high,"The generated answer correctly identifies amoxapine as an atypical antipsychotic based on the PET study in PubMed ID 10331115, which directly supports the criteria of high 5-HT2 occupancy, greater 5-HT2 than D2 occupancy, and sub-80% D2 occupancy. The answer is fully grounded in the retrieved context and aligns with the reference answer."
10749257,Has the mammography quality standards act affected the mammography quality in North Carolina?,yes,"In 1995, the first year that the MQSA was in effect, there was a significant improvement in the quality of mammography in North Carolina. This improvement probably resulted from facilities' compliance with federal regulations.","Yes, the Mammography Quality Standards Act (MQSA) of 1992 affected mammography quality in North Carolina. A study (PubMed ID: 10749257) evaluated its impact during its first year of implementation (1995). Inspections of mammography facilities in 1993–1994 (pre-MQSA) and 1995 (post-MQSA) showed significant improvements in quality metrics: phantom scores (31.6% to 78.2%), darkroom fog (74.3% to 88.5%), and temperature difference (62.4% to 86.9%). These results indicate the MQSA enhanced compliance with quality standards in North Carolina.",1,True,correct,grounded,appropriate_abstention,no_failure,high,"The generated answer correctly cites PubMed ID 10749257 and provides specific metrics (phantom scores, darkroom fog, temperature difference) from the context that align with the reference answer's assertion of significant improvement in 1995. The answer is fully supported by the retrieved context."
10759659,The nurse cystoscopist: a feasible option?,yes,A UNP can be trained to perform cystoscopy and detect suspicious lesions as accurately as can a consultant urologist. Legal and training issues in implementation are important.,"The nurse cystoscopist appears to be a feasible option, as evidenced by a study (PubMed ID: 10759659) comparing a trained urology nurse practitioner (UNP) and a consultant urologist in detecting bladder tumors during flexible cystoscopy. Both achieved high accuracy, with only one tumor missed by each. The chance-corrected proportional agreement (Kappa) was 0.94, indicating very close agreement. This suggests that trained nurses can perform cystoscopy with reliability comparable to urologists, supporting their role as a viable option.",1,True,correct,grounded,not_applicable,no_failure,high,"The generated answer correctly states that trained nurse practitioners can perform cystoscopy with accuracy comparable to urologists, supported by the retrieved study (PubMed 10759659) describing high agreement (Kappa 0.94) and equivalent tumor detection rates. The answer aligns with the reference answer and is fully grounded in the provided context."
10808977,Can tailored interventions increase mammography use among HMO women?,yes,"The effects of the intervention were most pronounced after the first intervention. Compared to usual care, telephone counseling seemed particularly effective at promoting change among nonadherent women, the group for whom the intervention was developed. These results suggest that telephone counseling, rather than tailored print, might be the preferred first-line intervention for getting nonadherent women on schedule for mammography screening. Many questions would have to be answered about why the tailored print intervention was not more powerful. Nevertheless, it is clear that additional interventions will be needed to maintain women's adherence to mammography. Medical Subject Headings (MeSH): mammography screening, telephone counseling, tailored print communications, barriers.","Yes, tailored interventions can increase mammography use among HMO women. A randomized field trial (PubMed ID: 10808977) compared tailored telephone counseling, tailored print communications, and usual care for women aged 50+ in a health maintenance organization. Results showed that telephone counseling significantly increased adherence to mammography screening compared to usual care (71% vs. 61% on schedule) and outperformed tailored print materials (67% vs. 61%) after the first year of intervention. Tailored telephone counseling was particularly effective for women who were off-schedule in prior years.",1,True,correct,grounded,appropriate_abstention,no_failure,high,"The generated answer correctly states that tailored interventions (telephone counseling) increased mammography adherence among HMO women, supported by the randomized trial data from PubMed ID 10808977 in the retrieved context. The answer aligns with the reference decision and is fully grounded in the provided evidence."
10966337,A short stay or 23-hour ward in a general and academic children's hospital: are they effective?,yes,This data demonstrates the robust nature of the short stay ward. At these two very different institutions we have shown improved bed efficient and patient care in a cost-effective way. We have also reported on greater parental satisfaction and early return of the child with their family to the community.,"The short stay or 23-hour wards in general and academic children's hospitals were found to be effective. These wards increased hospital efficiency by reducing average length of stay (17.5 hours at Westmead Hospital vs. 20.5 hours at New Children's Hospital) and minimizing unnecessary in-hospital admissions (4–6% admission rate). Unscheduled visits within 72 hours of discharge were less than 1%, and no adverse events were reported. Parental satisfaction was high, with cost savings estimated at $0.5–$2.3 million due to improved bed utilization (PubMed ID: 10966337). However, only 1% of admissions required stays exceeding 23 hours, suggesting limited need for extended stays.",1,True,correct,grounded,not_applicable,no_failure,high,"The generated answer directly aligns with the reference answer and is fully supported by the retrieved context (PubMed ID 10966337). It cites specific data on reduced length of stay, lower admission rates, minimal unscheduled visits, no adverse events, parental satisfaction, and cost savings, all explicitly mentioned in the context. The 1% extended stay statistic is also directly sourced from the context."
11340218,Does pretreatment with statins improve clinical outcome after stroke?,no,"The statistical power of this case-referent study was such that only large beneficial effects of statins in acute stroke could be confirmed. However, the observed trend, together with experimental observations, is interesting enough to warrant a more detailed analysis of the relationship between statins and stroke outcome.","The evidence from the provided context suggests that pretreatment with statins may not significantly improve clinical outcomes after stroke. A population-based case-referent study (PubMed ID: 11340218) found that statin users had a moderately stronger association with early discharge to home compared to non-users (adjusted odds ratio 1.42, 95% CI 0.90–2.22), but this was **not statistically significant** after adjusting for prognostic factors. While there was a trend toward improved outcomes, the study did not confirm a definitive benefit. Other sources (PubMed ID: 10548670) focused on stroke volume and NIHSS scores, which are unrelated to statin pretreatment. Thus, the context does not support a significant improvement in clinical outcomes with statin pretreatment.",1,True,correct,grounded,appropriate_abstention,no_failure,high,"The generated answer correctly cites the non-significant adjusted odds ratio (1.42, 95% CI 0.90–2.22) from PubMed 11340218 and notes the lack of statistical significance, aligning with the reference answer's conclusion. It appropriately excludes unrelated studies (PubMed 10548670) and avoids unsupported claims."
11380492,Transsphenoidal pituitary surgery in Cushing's disease: can we predict outcome?,yes,"Transsphenoidal pituitary surgery is a safe method of treatment in patients with Cushing's disease. Operative findings, radiological and histological findings, together with early postoperative serum cortisol and urine free cortisol estimates may identify failures in treatment. Alternative treatment might then be required for these patients. Because of the risk of late relapse, patients require life-long follow-up.","Yes, outcome prediction after transsphenoidal pituitary surgery in Cushing's disease is possible based on specific factors. The study identifies tumor presence at surgery, positive radiological/histological findings, and early postoperative cortisol levels (2- and 6-week serum cortisol, 6-week urine free cortisol) as significant predictors of remission, failure, or relapse. Patients with tumors had higher remission rates (78.7% vs. 21.3% for non-tumor cases), and combined radiological/histological positivity correlated with better remission likelihood (P=0.038). Early postoperative cortisol levels also distinguished remission from failure (P=0.002, 0.001, and 0.026). These factors allow identification of patients at risk for treatment failure or relapse. [PubMed ID: 11380492]",1,True,correct,grounded,not_applicable,no_failure,high,"The generated answer correctly identifies tumor presence, radiological/histological findings, and early cortisol levels as predictors, all supported by the retrieved context. It aligns with the reference answer's assertion that outcome prediction is possible and provides specific statistical evidence from the same study (PubMed ID 11380492)."
11838307,Cold knife conization vs. LEEP. Are they the same procedure?,no,"In a prospective evaluation, cold knife cone specimens were 50% longer and 100% heavier than LEEP specimens.","Cold knife conization and LEEP (loop electrosurgical excision procedure) are not the same procedure. According to the evidence, they differ in the amount of tissue removed: cold knife conization specimens had significantly larger diameters (2.6 cm vs. 2.2 cm), longer lengths (1.5 cm vs. 1.0 cm), and greater weights (4.4 g vs. 2.0 g) compared to LEEP specimens (PubMed ID: 11838307). These differences indicate distinct technical approaches and tissue removal volumes, confirming they are separate procedures.",1,True,correct,grounded,not_applicable,no_failure,high,"The generated answer correctly states cold knife conization and LEEP are different procedures, supported by the retrieved context's specific measurements (diameter, length, weight) from PubMed ID 11838307. This matches the PubMedQA reference answer's conclusion and evidence."
11867487,Does rugby headgear prevent concussion?,maybe,"Although most players in the study believe that rugby headgear may prevent concussion, only a minority reported wearing it. Coaches tended to be less convinced than the players that rugby headgear can prevent concussion.","The provided biomedical context does not contain sufficient evidence to determine whether rugby headgear prevents concussion. While Source 1 notes that 62% of players believed headgear could prevent concussions, this reflects subjective attitudes rather than empirical evidence of efficacy. The study did not assess concussion incidence rates or biomechanical outcomes with or without headgear. Other sources discuss concussion management and biofeedback training but do not address headgear's role in prevention. Thus, the context does not support a definitive answer to the question.",1,True,correct,grounded,appropriate_abstention,retrieval_failure,high,"The generated answer correctly identifies that the retrieved context only contains subjective attitudes (62% of players believing headgear prevents concussion) and no empirical evidence of efficacy. The context lacks data on concussion incidence rates or biomechanical outcomes, aligning with the 'maybe' reference decision. The answer appropriately abstains from definitive claims due to insufficient evidence."
11943048,Does receipt of hospice care in nursing homes improve the management of pain at the end of life?,yes,Findings suggest that analgesic management of daily pain is better for nursing home residents enrolled in hospice than for those not enrolled in hospice.The prescribing practices portrayed by this study reveal that many dying nursing home residents in daily pain are receiving no analgesic treatment or are receiving analgesic treatment inconsistent with AMDA and other pain management guidelines. Improving the analgesic management of pain in nursing homes is essential if high-quality end-of-life care in nursing homes is to be achieved.,"Receipt of hospice care in nursing homes improves the management of pain at the end of life. A retrospective cohort study (PubMed ID: 11943048) found that 51% of hospice residents received regular treatment for daily pain, compared to 33% of nonhospice residents (adjusted odds ratio = 2.08, 95% CI = 1.68–2.56). Hospice residents were also less likely to receive analgesics not recommended by AMDA guidelines (21% vs. 29% for nonhospice). Morphine derivatives were most frequently used for hospice residents (30% of prescriptions), whereas acetaminophen dominated for nonhospice residents. These findings suggest hospice care is associated with better adherence to pain management protocols and higher rates of regular analgesic use.",1,True,correct,grounded,not_applicable,no_failure,high,"The generated answer aligns with the reference answer and directly cites evidence from PubMed ID 11943048, including specific statistics (51% vs. 33% regular treatment, adjusted odds ratio 2.08) and adherence to AMDA guidelines. All claims are substantiated by the retrieved context."
12040336,Cardiogenic shock complicating acute myocardial infarction in elderly patients: does admission to a tertiary center improve survival?,no,"In a community-based cohort, patients with acute myocardial infarction complicated by cardiogenic shock did not have significantly different adjusted 30-day and 1-year mortality, irrespective of the revascularization capabilities of the admitting hospital.","The study investigated whether admission to hospitals with onsite revascularization services (implying tertiary care capabilities) improved survival in elderly patients (≥65 years) with acute myocardial infarction (AMI) complicated by cardiogenic shock. After adjusting for demographic, clinical, and treatment factors, the presence of onsite revascularization services was not associated with significantly lower 30-day (odds ratio 0.83, 95% CI 0.47–1.45) or 1-year mortality (odds ratio 0.91, 95% CI 0.49–1.72). While patients at tertiary centers were more likely to undergo revascularization procedures, this did not translate to improved survival outcomes in this cohort. **PubMed ID: 12040336**.",1,True,correct,grounded,appropriate_abstention,no_failure,high,"The generated answer accurately reflects the reference answer's conclusion that tertiary center admission did not improve survival, supported by the retrieved context's odds ratios and mortality findings from PubMed ID 12040336."
12238307,Vaccine protection in the elderly: are Austrian seniors adequately protected by vaccinations?,no,"The data demonstrate that vaccination has a relatively weak and short-lasting effect in old age. The results of the study should stimulate discussions about strategies how vaccinations can be made more effective in old age. Improved campaigns, shortened vaccination intervals as well as the design of novel vaccines tailored to fulfill the specific demands of the aging immune system are imaginable.","The study (PubMed ID: 12238307) indicates that elderly individuals (>60 years) in Austria are frequently inadequately protected against infectious diseases like tetanus, diphtheria, tickborne encephalitis, and influenza. Despite vaccination, many elderly showed low antibody concentrations and short-lived immunity, even among healthy individuals. This suggests that Austrian seniors may not be adequately protected by current vaccination strategies. Other sources do not provide specific data on Austrian elderly vaccination efficacy.",1,True,correct,grounded,appropriate_abstention,no_failure,high,"The generated answer correctly cites PubMed ID 12238307, which directly supports the claim about inadequate protection in Austrian seniors. The reference answer's 'no' decision aligns with the context's finding that elderly were inadequately protected despite vaccination. The answer is fully grounded in the first context and does not require external evidence."
12407608,Does ultrasound imaging before puncture facilitate internal jugular vein cannulation?,maybe,"Prepuncture ultrasound evaluation did not improve the result of right internal jugular vein cannulation compared with the respiratory jugular venodilation-guided approach. When the landmark was not observed, however, the prepuncture ultrasound guidance was helpful in facilitating the cannulation.","Yes, ultrasound imaging before puncture facilitates internal jugular vein cannulation, particularly in cases where respiratory jugular venodilation is not identifiable. In a randomized study (PubMed ID: 12407608), the ultrasound group demonstrated significantly better success rates (86.2% vs. 30.4% for landmark-guided cannulation) and lower arterial puncture incidence (0% vs. 13.0%) in patients where venodilation could not be visualized. While success rates were comparable in patients with identifiable venodilation, ultrasound provided clear advantages in challenging cases. The study also found no difference in outcomes based on ultrasound frequency.",1,True,incorrect,partially_grounded,answered_with_insufficient_evidence,generation_failure,medium,"The generated answer incorrectly generalizes the study's findings, claiming ultrasound is universally beneficial. The context shows ultrasound only provides advantages when respiratory venodilation is not identifiable, aligning with the reference answer's 'maybe' conclusion. The answer misrepresents the study's results by emphasizing overall superiority rather than conditional benefits."
12612531,Fragility of the esophageal mucosa: a pathognomonic endoscopic sign of primary eosinophilic esophagitis?,yes,"Primary eosinophilic esophagitis is characterized by fragile esophageal mucosa that readily tears in response to minor trauma during otherwise uneventful diagnostic endoscopy. This ""crêpe-paper"" sign may alert endoscopists to the presence of the disease when other mucosal alterations are lacking. Dilation is effective for patients with symptoms with minimal morbidity, despite development of disquieting lesions in response to the procedure.","The fragility of the esophageal mucosa, termed ""crêpe-paper"" mucosa, is described in the context as a possibly pathognomonic endoscopic sign of primary eosinophilic esophagitis. Source 1 (PubMed ID: 12612531) reports that all five patients with confirmed primary eosinophilic esophagitis exhibited this fragile, inelastic mucosa that tore easily with minor trauma. While the term ""pathognomonic"" is used cautiously, the study highlights its strong association with the condition. No conflicting evidence or alternative diagnoses are mentioned in the provided context. 

**Answer:**  
Yes, the ""crêpe-paper"" mucosa (fragile esophageal mucosa) is described as a possibly pathognomonic endoscopic sign of primary eosinophilic esophagitis, based on its consistent presence in patients with confirmed disease (Source 1, PubMed ID: 12612531).",1,True,correct,grounded,not_applicable,no_failure,high,"The generated answer correctly cites PubMed ID 12612531, which explicitly describes the 'crêpe-paper' sign as a possibly pathognomonic endoscopic feature of primary eosinophilic esophagitis. The reference answer and generated answer both affirm this, and the evidence is directly supported by the retrieved context."
12684740,Cue-induced behavioural activation: a novel model of alcohol craving?,yes,"Cue-induced behavioural activation was specific to alcohol cues, reproducible, persistent and could be blocked by naltrexone, and its correlation with human self-report of craving makes it a potentially useful model for studying alcohol craving.","The study described in PubMed ID 12684740 presents a novel model of alcohol craving through **cue-induced behavioral activation**. Rats were trained to self-administer alcohol/saccharin and later exposed to alcohol-associated cues, which significantly increased lever-pressing (26% increase) and blood alcohol levels (8.9 mM vs. 7.5 mM in controls). This effect persisted even after a 10-day break from training and was dose-dependently blocked by naltrexone, suggesting opioid mediation. The model differs from traditional relapse-focused paradigms by isolating environmental cues without withdrawal or relapse, offering a framework to study craving mechanisms. No direct mention of ""behavioral activation"" terminology is provided, but the experimental design aligns with cue-induced craving as a novel approach. 

**PubMed ID**: 12684740",1,True,correct,grounded,appropriate_abstention,no_failure,high,"The generated answer accurately reflects the context's details about cue-induced behavioral activation in rats, including increased lever-pressing, blood alcohol levels, naltrexone's blocking effect, and persistence. It aligns with the reference answer's core claims about specificity to alcohol cues and model utility, while appropriately noting the absence of direct 'behavioral activation' terminology. The answer is fully supported by the retrieved context."
12846929,Quality of life in lung cancer patients: does socioeconomic status matter?,yes,"At baseline assessment patients of lower socioeconomic status showed lower health related quality of life. Since there was no clear trend at follow-up assessment this suggests that patients from different socioeconomic status responded to treatment similarly. In general, the findings suggest that quality of life is not only the outcome of the disease and its treatment, but is also highly dependent on each patients' socioeconomic characteristics.","Socioeconomic status (SES) appears to influence quality of life (QoL) in lung cancer patients at baseline but not at follow-up. A study (PubMed ID: 12846929) found that 57% of patients with lower SES had more health problems, reduced functioning, and higher symptom burden (e.g., physical mobility, energy, role functioning, physical functioning, and breathlessness) compared to affluent patients. However, these differences disappeared by three-month follow-up, with no significant group disparities. SES was not identified as an independent prognostic factor for survival in another study (PubMed ID: 16968876). Thus, while SES initially impacts QoL, its effect may diminish over time.",1,True,partially_correct,partially_grounded,answered_with_insufficient_evidence,generation_failure,medium,The generated answer correctly notes baseline SES impact but incorrectly cites a study that does not address SES as a prognostic factor. The reference answer's claim about SES not being a prognostic factor is not supported by the retrieved context for PubMed ID 16968876.
14551704,Can communication with terminally ill patients be taught?,yes,The realized communication skills courses resulted in relevant changes in communication behaviour and self-confidence of participants. Communication with terminally ill patients can be taught.,"Yes, communication with terminally ill patients can be taught. A study (PubMed ID: 14551704) describes a 2-day course designed to improve physicians' communicative skills in this context. Participants demonstrated increased confidence and changes in communication behavior, as measured by self-assessments and questionnaires administered before, after, and 3 months post-course. The study highlights that structured training models can enhance physicians' ability to communicate diagnoses, discuss prognosis, and manage sensitive conversations with terminally ill patients.",1,True,correct,grounded,appropriate_abstention,no_failure,high,"The generated answer correctly states that communication skills can be taught, supported by the retrieved context describing a 2-day course that improved participants' communication behavior and confidence. The answer aligns with the reference answer and is fully grounded in the provided evidence."
14992556,Artefacts in 24-h pharyngeal and oesophageal pH monitoring: is simplification of pH data analysis feasible?,maybe,"Leaving out the period of intake of meals and beverages from the raw pH data might be the second best test after the time-consuming visual correction with a small chance of undetected gastropharyngeal reflux. For scientific purposes and when in doubt, it remains necessary to review the computer-generated data manually to discover every gastropharyngeal reflux event.","The feasibility of simplifying pH data analysis in 24-h pharyngeal and oesophageal monitoring depends on the method used. Excluding meals from the data (without additional postprandial periods) aligns well with manually corrected data, reducing falsely positive reflux episodes by 9–18% but with a 21–50% risk of falsely negative results when including a 2-h postprandial period. Manual review remains more reliable, though time-consuming. Simplification via meal exclusion is feasible but must balance sensitivity and specificity. [PubMed ID: 14992556]",1,True,correct,grounded,not_applicable,no_failure,high,"The generated answer aligns with the reference answer and is supported by the retrieved context from PubMed ID 14992556. It correctly cites the trade-offs of meal exclusion (reduced false positives but increased false negatives) and emphasizes the necessity of manual review, which matches the context's findings."
15381614,Cutaneous melanoma in a multiethnic population: is this a different disease?,maybe,"In a multiethnic population, cutaneous melanoma in nonwhite persons is unusual but not rare. Although the diagnoses are distinctly different at initial examinations, suggesting a potential biological component, stage-for-stage outcomes are similar between white and nonwhite persons and suggest a need for early diagnostic interventions with unusual pigmented lesions in nonwhite persons.","Cutaneous melanoma in nonwhite individuals in a multiethnic population exhibits distinct clinical features compared to white patients, as evidenced by thicker tumors (P=0.002), higher ulceration rates (P<0.001), more frequent positive nodes (P=0.004), and advanced stages (P=0.002) at diagnosis. Anatomic distribution also differs, with nonwhite patients more commonly presenting with melanoma on the sole and subungual regions versus head/neck, trunk, and extremities in white patients. While overall survival was worse for nonwhite patients, this difference disappeared when stratified by stage at diagnosis, suggesting similar disease biology but disparities in presentation and staging. These findings indicate differences in disease manifestation and outcomes rather than a fundamentally different disease. [PubMed ID: 15381614]",1,True,correct,grounded,not_applicable,no_failure,high,"The generated answer aligns with the reference answer's 'maybe' conclusion by highlighting distinct clinical features (thicker tumors, ulceration rates, anatomic distribution) and similar stage-adjusted outcomes. These claims are directly supported by the retrieved context (PubMed ID 15381614) which provides statistical evidence for differences in presentation and stage-stratified survival."
15489384,Does reducing spasticity translate into functional benefit?,yes,"Using a targeted meta-analytic approach, it is possible to demonstrate that reducing spasticity in the arm is associated with a significant improvement in arm function.","Yes, reducing spasticity translates into functional benefit, as evidenced by a meta-analysis of botulinum toxin treatments for stroke-related spasticity. The study found a significant correlation between reductions in spasticity (measured via the Composite Spasticity Index) and improvements in arm function (Composite Functional Index), with rho values of -0.2822 (p = 0.0008) and stronger associations in Dysport-treated patients (rho = -0.5679, p = 0.0090). These results indicate that spasticity reduction is linked to functional gains, though the relationship may vary by treatment and individual response. [PubMed ID: 15489384]",1,True,correct,grounded,not_applicable,no_failure,high,"The generated answer correctly cites the meta-analysis from PubMed ID 15489384, which directly supports the claim that spasticity reduction correlates with functional improvement. The statistical evidence (rho values, p-values) and methodology described in the retrieved context align with the reference answer."
15530261,Does screening or surveillance for primary hepatocellular carcinoma with ultrasonography improve the prognosis of patients?,yes,The significant impact of ultrasonographic screening on mortality reduction was demonstrated. These findings strongly suggest that early detection of hepatocellular carcinoma by ultrasound may improve the prognosis of patients with hepatocellular carcinoma.,"Screening or surveillance for primary hepatocellular carcinoma (HCC) with ultrasonography improves prognosis, as evidenced by reduced odds of adverse outcomes. A study (PubMed ID: 15530261) compared survival time, tumor morphology, and T staging across groups with varying screening exposure. Adjusted odds ratios for screened vs. unscreened groups showed significant improvements in 1-, 2-, and 3-year survival (0.33–0.37, 95% CI), while surveillance vs. nonsurveillance groups also demonstrated better outcomes (0.44–0.58, 95% CI). These results were statistically significant and showed gradient relationships between screening extent and prognosis. Thus, ultrasonographic screening and surveillance are associated with improved prognostic outcomes for HCC patients.",1,True,correct,grounded,appropriate_abstention,no_failure,high,"The generated answer correctly states that ultrasonographic screening improves prognosis, citing statistically significant adjusted odds ratios (0.33–0.37, 0.44–0.58) from PubMed ID 15530261, which matches the retrieved context. The reference answer's conclusion about mortality reduction is supported by the context's survival time and tumor morphology outcomes. All claims are substantiated by the provided evidence."
16155169,Percutaneous ethanol injection for benign cystic thyroid nodules: is aspiration of ethanol-mixed fluid advantageous?,no,Percutaneous ethanol injection without aspiration of ethanol-mixed fluid seems to be the preferable method of treatment of benign cystic thyroid nodules from the perspective of both the physician and the patient.,"The study comparing percutaneous ethanol injection with and without aspiration of ethanol-mixed fluid for benign cystic thyroid nodules found no significant difference in success rates (complete disappearance of cystic portions) between groups (P>.05). However, aspiration (group B) was associated with increased complications: intracystic hemorrhage (P<.05) and double puncture complaints (P<.001), as well as a nearly doubled procedure time due to additional steps (e.g., fluid evacuation and compression). Thus, aspiration does not confer a clear advantage and may introduce risks and prolong the procedure.  

**PubMed ID**: 16155169",1,True,correct,grounded,appropriate_abstention,no_failure,high,"The generated answer correctly reflects the reference decision 'no' by citing the study's findings of no significant difference in success rates (P>.05) but increased complications (intracystic hemorrhage P<.05, double puncture P<.001) and longer procedure times for aspiration. These claims are directly supported by the retrieved context from PubMed ID 16155169."
16319544,Is high-sensitivity C-reactive protein associated with carotid atherosclerosis in healthy Koreans?,no,"Both hsCRP levels and the carotid IMT were strongly correlated with conventional cardiovascular risk factors, but there was no independent association between hsCRP levels and carotid IMT in healthy Korean adults.","High-sensitivity C-reactive protein (hsCRP) showed an initial positive association with increased carotid intima-media thickness (IMT) in healthy Koreans, but this relationship lost significance after adjusting for age and conventional cardiovascular risk factors. The study (PubMed ID: 16319544) found that higher hsCRP quartiles correlated with higher mean IMT unadjusted, but no significant association remained after multivariable adjustments. Thus, the evidence suggests no robust association between hsCRP and carotid atherosclerosis in this population when accounting for confounding factors.",1,True,correct,grounded,appropriate_abstention,no_failure,high,"The generated answer correctly reflects the study's findings that hsCRP showed no significant association with carotid IMT after adjusting for confounders, aligning with the reference answer. The claims are directly supported by the retrieved context from PubMed ID 16319544."
16465002,Dose end-tidal carbon dioxide measurement correlate with arterial carbon dioxide in extremely low birth weight infants in the first week of life?,yes,There is good correlation and agreement between end-tidal CO(2) and arterial CO(2) in ELBW infants in the EtCO(2) range 30-50 mmHg. End-tidal CO(2) monitoring can be helpful in trending or for screening abnormal PaCO(2) values in ELBW infants in first week of life.,"End-tidal CO₂ (EtCO₂) measurements in ventilated extremely low birth weight (ELBW) infants correlate with arterial CO₂ (PaCO₂) but exhibit a systematic bias. A study of 31 ELBW infants (n=754 paired measurements) found an intraclass correlation coefficient of 0.81, indicating strong agreement. However, EtCO₂ values were significantly lower than PaCO₂ overall (bias: 5.6 ± 6.9 mmHg; 95% CI 5.11–6.09), with EtCO₂ exceeding PaCO₂ in only 11.8% of cases. Despite this bias, EtCO₂ can identify hypercapnia (>55 mmHg) and hypocapnia (<35 mmHg) with 84% accuracy within specific ranges. These findings suggest EtCO₂ provides useful trends but may not fully replace arterial blood gas measurements for precise PaCO₂ estimation. [PubMed ID: 16465002]",1,True,correct,grounded,appropriate_abstention,no_failure,high,"The generated answer accurately reflects the data from PubMed ID 16465002, including the intraclass correlation coefficient (0.81), bias (5.6 mmHg), and 84% accuracy for detecting hypercapnia/hypocapnia. These details align with the reference answer's assertion of good correlation and agreement between EtCO2 and PaCO2 in ELBW infants."
16776337,Pituitary apoplexy: do histological features influence the clinical presentation and outcome?,yes,"The patients who presented with histological features of pituitary tumor infarction alone had less severe clinical features on presentation, a longer course prior to presentation, and a better outcome than those presenting with hemorrhagic infarction or frank hemorrhage. The endocrine replacement requirements were similar in both groups.","The provided context indicates that a retrospective study (PubMed ID: 16776337) investigated whether histopathological features (infarction alone vs. hemorrhagic infarction/hemorrhage) influenced clinical presentation or outcomes in pituitary apoplexy. However, the context does not specify the results of this analysis. Other sources discuss Cushing's disease or unrelated conditions (e.g., cerebellar astrocytoma) and do not address pituitary apoplexy. Thus, based solely on the retrieved evidence, there is insufficient information to determine whether histological features influence clinical presentation or outcomes in pituitary apoplexy. 

**Answer:** The context describes a study aimed at determining whether histopathological features influence clinical presentation or outcomes in pituitary apoplexy, but it does not provide the results of this analysis. Therefore, the evidence does not confirm or refute a relationship between histological features and clinical outcomes.",1,True,incorrect,partially_grounded,over_abstention,generation_failure,medium,"The generated answer incorrectly claims the context lacks results from PubMed ID 16776337, but the retrieved context explicitly describes a study comparing clinical features and outcomes between infarction-alone and hemorrhagic groups. The reference answer's key findings (milder presentation, better outcomes for infarction-alone) are directly supported by the context, yet the generated answer fails to incorporate this evidence."
16778275,Is routine chest radiography after transbronchial biopsy necessary?,no,"We conclude that routine CXR after bronchoscopy with TBB is necessary only in patients with symptoms suggestive of pneumothorax. In asymptomatic patients, pneumothorax is rare and usually small, so routine CXR is not necessary in this category of patients.","It seems your message is incomplete or contains a repetitive structure. Could you clarify what you're asking or what you need help with? For example:

- Are you looking for help with a specific question or problem?
- Are you trying to understand a concept or process?
- Do you need assistance with writing, coding, or analysis?

Let me know so I can provide a helpful and accurate response!",1,True,incorrect,unsupported,answered_with_insufficient_evidence,generation_failure,medium,"The generated answer fails to address the question directly and does not engage with the provided context, which contains evidence supporting the reference answer's conclusion that routine CXR is not necessary for asymptomatic patients."
16809243,Is fetal gender associated with emergency department visits for asthma during pregnancy?,no,"Fetal gender does not affect the risk of having an ED visit for asthma during pregnancy, and it is not associated with adverse pregnancy outcomes among women who had an asthma-related ED during pregnancy.","The study found that fetal gender was not associated with emergency department (ED) visits for asthma during pregnancy. A multivariable logistic regression analysis showed no significant association between fetal gender and asthma-related ED visits (OR 1.01, 95% CI 0.85–1.19). Additionally, fetal gender was not a significant predictor of adverse pregnancy outcomes among women with asthma ED visits. **PubMed ID: 16809243**",1,True,correct,grounded,appropriate_abstention,no_failure,high,"The generated answer accurately reflects the reference answer and is directly supported by the retrieved context from PubMed ID 16809243, which explicitly states no significant association between fetal gender and asthma-related ED visits (OR 1.01, 95% CI 0.85–1.19)."
16827975,Chemotherapy and survival in advanced non-small cell lung carcinoma: is pneumologists' skepticism justified?,no,"In normal clinical practice, chemotherapy significantly prolongs survival in patients with performance status of less than 2, more time being gained if there is no associated weight loss. We conclude that the reluctance shown by many pneumologists toward using this treatment is not entirely justified.","The skepticism of pneumologists regarding chemotherapy for advanced non-small cell lung carcinoma (NSCLC) may not be fully justified based on the evidence from the study. The research analyzed survival factors in patients with stages IV/IIIB NSCLC and found that **cytostatic treatment (chemotherapy)** was an **independent predictor of improved survival** (hazard ratio [HR] 1.85; 95% CI, 1.25–2.76; *P* = 0.002). Median survival was significantly longer in patients receiving chemotherapy (31 weeks) compared to palliative treatment (15 weeks for ECOG 2 group). Additionally, factors like absence of weight loss and better ECOG performance status were also associated with improved outcomes. These findings suggest chemotherapy provides survival benefits in this population, though real-world application may face challenges. However, the context does not address whether these results are generalizable beyond the study's specific patient cohort. 

**PubMed IDs:** 16827975, 11888773.",1,True,correct,grounded,not_applicable,no_failure,high,"The generated answer aligns with the reference decision (no) by citing chemotherapy's survival benefits (HR 1.85, P=0.002) and median survival differences (31 weeks vs 15 weeks) from the retrieved context. It correctly notes ECOG performance status and weight loss as prognostic factors. The answer is fully grounded in the provided context and does not make unsupported claims."
16956164,Do all ethnic groups in New Zealand exhibit socio-economic mortality gradients?,yes,"While socio-economic gradients in health exist among all ethnic groups, they are relatively shallow among Pacific and (especially) Asian peoples. For these ethnic groups, caution should be exercised in applying deprivation or other socio-economic measures as proxy indicators of need for health services.","Yes, all four ethnic groups in New Zealand (Asian, Pacific, Māori, and European) exhibit socio-economic mortality gradients in all-cause mortality (life expectancy), as reported in the study (PubMed ID: 16956164). However, the steepness of these gradients varies, with Māori showing the steepest gradients compared to Europeans, while Asian and Pacific groups have shallower gradients. The analysis accounted for differences in deprivation distributions across ethnic groups.",1,True,correct,grounded,not_applicable,no_failure,high,"The generated answer correctly states that all four New Zealand ethnic groups exhibit socio-economic mortality gradients, supported by PubMed ID 16956164. The context explicitly confirms gradients exist for all groups with varying steepness, matching the reference answer's assertion. The answer is fully grounded in the provided evidence."
17008699,Do patients with localized prostate cancer treatment really want more aggressive treatment?,no,"Most patients with localized prostate cancer prefer the lower radiation dose. Our findings indicate that many patients attach more weight to specific quality-of-life aspects (eg, GI toxicity) than to improving survival. Treatment preferences of patients with localized prostate cancer can and should be involved in radiotherapy decision making.","Patients with localized prostate cancer do not generally prefer more aggressive treatment when given a choice. In a study of 150 patients with T1-3N0M0 prostate cancer, 75% of those who chose their treatment opted for the lower radiation dose (70 Gy) despite its lower cure rate, prioritizing reduced toxicity over higher cure probability. Factors influencing this preference included older age, lower risk profiles, absence of hormone therapy, and lower anxiety/depression scores. The majority consistently selected the less aggressive option, indicating that patient preferences often favor balancing treatment benefits with quality-of-life considerations rather than maximal aggressiveness. [PubMed ID: 17008699]",1,True,correct,grounded,appropriate_abstention,no_failure,high,"The generated answer aligns with the reference answer's conclusion that patients prefer less aggressive treatment. It is supported by the retrieved context (PubMed 17008699) which explicitly states 75% of patients chose lower radiation dose (70 Gy) prioritizing reduced toxicity. The factors influencing preferences (age, risk profile, hormone therapy, anxiety/depression) are directly cited from the context."
17113061,Do mutations causing low HDL-C promote increased carotid intima-media thickness?,no,Genetic variants identified in the present study may be insufficient to promote early carotid atherosclerosis.,"The retrieved context indicates that genetic mutations causing low HDL-C (e.g., in LCAT, ABCA1, and APOA1) do not significantly promote increased carotid intima-media thickness (cIMT). A 1:2 case-control study found no difference in cIMT between individuals with genetic HDL deficiency (mean cIMT 0.66 cm) and controls (mean cIMT 0.65 cm), despite markedly lower HDL cholesterol and apolipoprotein A-I levels (PubMed ID: 17113061). This suggests that low HDL-C from these mutations does not consistently correlate with increased cIMT. Other studies on CRP, insulin, or non-HDL-C did not address this specific relationship. 

**Answer:** No, mutations causing low HDL-C do not significantly promote increased carotid intima-media thickness, as evidenced by studies showing no significant difference in cIMT between genetically low HDL-C individuals and controls (PubMed ID: 17113061).",1,True,correct,grounded,appropriate_abstention,no_failure,high,The generated answer correctly states 'no' based on the cited study (PubMed 17113061) showing no significant cIMT difference between genetic HDL deficiency cases and controls. The answer is fully supported by the retrieved context and aligns with the reference decision.
17444776,Is the holmium:YAG laser the best intracorporeal lithotripter for the ureter?,yes,"The Holmium:YAG laser is an ideal intracorporeal lithotripter for ureteral calculi, with a high success rate and low morbidity.","The provided context indicates that the holmium:YAG laser lithotripsy achieved a high success rate (92.7% immediately, 96.7% at 3 months) with minimal complications (no perforations, one stricture) for ureteral stones. However, **no direct comparison to other intracorporeal lithotripters** (e.g., other laser types or mechanical methods) is provided in the context. Thus, while the holmium:YAG laser demonstrates efficacy and safety, the evidence does not establish it as the ""best"" option without additional comparative data. 

**Answer:** The holmium:YAG laser shows high efficacy and safety for ureteral lithotripsy based on the provided study (PMID: 17444776), but the context does not include comparisons to other lithotripters to determine if it is the ""best.""",1,True,partially_correct,grounded,appropriate_abstention,retrieval_failure,high,"The generated answer correctly cites the context's evidence (92.7% success rate, minimal complications) but notes the absence of direct comparisons to other lithotripters. While the reference answer asserts 'yes,' the context only supports efficacy/safety, not superiority over alternatives. The answer appropriately avoids unsupported claims about being the 'best' without comparative data."
17453263,Are physician estimates of asthma severity less accurate in black than in white patients?,yes,Biased estimates of asthma severity may contribute to racially disparate asthma care. Interventions to improve physicians' assessments of asthma severity and patient-physician communication may minimize racial disparities in asthma care.,"Yes, physician estimates of asthma severity are less accurate in Black patients compared to White patients. A study (PubMed ID: 17453263) found that Black patients were **1.39 times more likely** than White patients to have their asthma severity underestimated (OR = 1.39, 95% CI 1.08–1.79). This underestimation was associated with reduced use of daily inhaled corticosteroids, less physician instruction on managing flare-ups, and lower ratings of asthma care and communication. These findings suggest racial disparities in physician severity assessments contribute to care disparities.",1,True,correct,grounded,appropriate_abstention,no_failure,high,"The generated answer correctly cites the study (PubMed 17453263) showing Black patients were 1.39 times more likely to have asthma severity underestimated, with associated poorer care outcomes. This matches the reference answer's conclusion and is directly supported by the retrieved context."
17562682,Is Panton-Valentine leucocidin associated with the pathogenesis of Staphylococcus aureus bacteraemia in the UK?,maybe,We found that 1.6% of S. aureus (all MSSA) from bacteraemic patients were PVL-positive. This low incidence suggests that PVL-positive S. aureus are of no particular significance as causative agents of S. aureus bacteraemia.,"The study (PubMed ID: 17562682) found that PVL-positive *Staphylococcus aureus* isolates were present in 1.6% of UK and Ireland bacteraemia cases (4 out of 244 isolates). However, the role of PVL in the pathogenesis of S. aureus bacteraemia remains uncertain, as the study acknowledges that its importance is not definitively established. Notably, none of the methicillin-resistant S. aureus (MRSA) isolates (36% of cases) were PVL-positive, and PVL-positive isolates were methicillin-susceptible. While PVL-positive isolates were associated with specific infection foci, the evidence does not conclusively demonstrate a direct causal link between PVL and bacteraemia pathogenesis. Thus, the association is noted but not definitively proven by this study.",1,True,correct,grounded,appropriate_abstention,no_failure,high,"The generated answer accurately reflects the study's findings (1.6% PVL-positive isolates, no MRSA PVL positivity) and aligns with the reference answer's conclusion that PVL-positive isolates are not definitively linked to bacteraemia pathogenesis. All claims are directly supported by the retrieved context."
17598882,Is breast cancer prognosis inherited?,yes,Breast cancer prognosis of a woman predicts the survival in her first-degree relatives with breast cancer. Our novel findings suggest that breast cancer prognosis might be inherited.,"Yes, breast cancer prognosis has a genetic component. A population-based cohort study (PubMed ID: 17598882) found that daughters and sisters of individuals with poor 5-year breast cancer-specific prognosis had significantly higher mortality risks compared to those with good prognosis. After adjusting for confounders, daughters of probands with poor prognosis had a 60% higher 5-year breast cancer mortality risk (HR, 1.6; 95% CI, 1.1–2.3), and sisters had an even stronger association (HR, 1.8; 95% CI, 1.0–3.4). This suggests that genetic traits influence prognostic features of breast cancer, indicating inheritance of prognosis-related traits.",1,True,correct,grounded,appropriate_abstention,no_failure,high,"The generated answer aligns with the reference answer and is fully supported by the retrieved context from PubMed ID 17598882, which details the population-based cohort study showing genetic influence on breast cancer prognosis through statistically significant hazard ratios."
17919952,Are reports of mechanical dysfunction in chronic oro-facial pain related to somatisation?,yes,"Self-reported mechanical factors associated with chronic oro-facial pain are confounded, in part, by psychological factors and are equally common across other frequently unexplained syndromes. They may represent another feature of somatisation. Therefore the use of extensive invasive therapy such as occlusal adjustments and surgery to change mechanical factors may not be justified in many cases.","The reports of mechanical dysfunction (e.g., teeth grinding, facial trauma) in chronic oro-facial pain are **not directly related to somatisation**, as these factors were independently associated with the condition after adjusting for psychological factors (OR 2.0, 95% CI 1.3–3.0 for teeth grinding; OR 2.0, 95% CI 1.3–2.9 for facial trauma) [PubMed ID: 17919952]. However, these mechanical factors were also linked to the reporting of other unexplained syndromes, suggesting a potential broader pattern of somatic symptom reporting. This may reflect shared underlying mechanisms (e.g., heightened somatic awareness) rather than direct somatisation of mechanical dysfunction itself. Thus, while somatisation may contribute to overall somatic symptom reporting, the mechanical factors in oro-facial pain appear to have independent associations.",1,True,incorrect,grounded,over_abstention,generation_failure,medium,"The generated answer contradicts the reference answer by asserting mechanical factors are not directly related to somatisation, while the context shows they are independently associated with oro-facial pain and linked to other unexplained syndromes (as per PubMed ID 17919952). The reference answer explicitly links these factors to somatisation, which the generated answer fails to substantiate."
18019905,The use of audit to identify maternal mortality in different settings: is it just a difference between the rich and the poor?,no,"Differences in maternal mortality are more than just differences between the rich and poor. Acknowledging the magnitude of maternal mortality and harnessing a strong political will to tackle the issues are important factors. However, there is no single, general solution to reduce maternal mortality, and identification of problems needs to be promoted through audit, both national and local.","The use of maternal mortality audit reveals significant differences in causes and contributing factors of maternal deaths across low- and high-income settings, which are influenced by socioeconomic and healthcare system disparities. For example, in low-income settings like The Gambia, obstructed labor and HIV/AIDS were major causes, while high-income settings like the Netherlands saw pre-eclampsia as a leading cause (PubMed ID: 18019905). These variations are linked to differences in healthcare access, resource availability, and disease prevalence, rather than being solely a function of wealth. While audits are a universal tool, their effectiveness in addressing maternal mortality depends on local contexts, such as infrastructure and policy responses. Thus, the differences observed are not merely ""rich vs poor"" but reflect systemic and resource-related challenges.",1,True,correct,grounded,not_applicable,no_failure,high,"The generated answer aligns with the reference answer by emphasizing systemic factors beyond wealth. It uses specific examples from the retrieved context (e.g., causes in The Gambia vs. Netherlands) and attributes differences to healthcare access and resource disparities, which are explicitly supported by the context."
18540901,Transient tachypnea of the newborn (TTN): a role for polymorphisms in the beta-adrenergic receptor (ADRB) encoding genes?,yes,"We conclude that beta1Gly49 homozygosity and TACC haplotype of ADRB2 gene, both loss-of-function genetic variations, may predispose to TTN.","The study (PubMed ID: 18540901) found significant associations between polymorphisms in the ADRB2 gene and transient tachypnea of the newborn (TTN). Specifically, the **beta1Ser49Gly polymorphism** showed a significant difference between TTN cases and controls, with **beta1Gly49 homozygotes having an 18.5-fold higher risk** for TTN (OR 18.5; 95% CI 1.5–229; p = 0.023). Additionally, the **T-47C, A46G, C79G, and C491T (TACC) haplotype** in ADRB2 was significantly linked to TTN (p = 0.048). These findings suggest a potential role for ADRB gene polymorphisms in TTN susceptibility. Other sources do not address this specific relationship.",1,True,correct,grounded,appropriate_abstention,no_failure,high,"The generated answer directly cites PubMed ID 18540901, which contains the exact statistical data (OR 18.5, p=0.023 for beta1Gly49 homozygotes; p=0.048 for TACC haplotype) and genetic associations described in the reference answer. The context explicitly supports all claims made in the generated answer."
18568290,Is there a role for endothelin-1 in the hemodynamic changes during hemodialysis?,maybe,Altered ET-1 levels may be involved in the pathogenesis of rebound hypertension and hypotension during HD.,"Yes, endothelin-1 (ET-1) appears to play a role in hemodynamic changes during hemodialysis. A study (PubMed ID: 18568290) found that pre-dialysis ET-1 levels were significantly higher in hemodialysis (HD) patients compared to healthy controls. Post-dialysis, ET-1 levels decreased in patients with dialysis-induced hypotension (group II) and increased in those with rebound hypertension (group III), suggesting ET-1 dynamics correlate with hemodynamic responses during HD. These findings support ET-1's involvement in the pathogenesis of intradialytic hypotension and hypertension.",1,True,correct,grounded,appropriate_abstention,no_failure,high,"The generated answer correctly states ET-1's role in hemodynamic changes during hemodialysis, supported by the retrieved context showing pre-dialysis ET-1 elevation in HD patients and post-dialysis variations correlating with hypotension/hypertension. The reference answer's 'maybe' aligns with the context's speculative yet evidence-based findings."
18607272,"Body perception: do parents, their children, and their children's physicians perceive body image differently?",yes,Many children underestimated their degree of overweight. Their parents and even their attending physicians shared this misperception. This study demonstrates the need to further educate physicians to recognize obesity and overweight so that they can counsel children and their families.,"Parents, their children, and physicians perceive body image differently, as shown in a study (PubMed ID: 18607272). Parents and children frequently underestimated their children's body size: 44–47% of parents and 40–43% of children underestimated using descriptions or figures. Physicians had higher accuracy but still underestimated 33% of patients using both methods. Notably, some obese children were misclassified as average, and vice versa. These findings highlight discrepancies in body size perception across these groups.",1,True,correct,grounded,appropriate_abstention,no_failure,high,"The generated answer correctly reflects the study's findings on differing body size perceptions between parents, children, and physicians, with specific percentages from the retrieved context supporting all claims."
18832500,Systematic use of patient-rated depression severity monitoring: is it helpful and feasible in clinical psychiatry?,yes,"The study findings suggest that adopting measurement-based care, such as using the PHQ-9, is achievable, even in practices with limited resources.","The systematic use of the PHQ-9 for monitoring depression severity was found to be both helpful and feasible in clinical psychiatry. In a study involving 19 psychiatric practices, 17 adopted the PHQ-9 as a routine tool after one year, with 93% of patient contacts influenced by PHQ-9 scores for clinical decision-making. Treatment changes occurred in 40% of cases, including medication adjustments and psychotherapy modifications. While 3% of contacts required additional suicide risk assessments, the overall implementation was feasible, as most practices sustained adoption. These findings support the utility of patient-rated severity monitoring in improving care. (PubMed IDs: 18832500)",1,True,correct,grounded,appropriate_abstention,no_failure,high,"The generated answer accurately reflects the retrieved context's findings about PHQ-9 adoption (17/19 practices), clinical decision-making influence (93% of contacts), treatment changes (40% of cases), and suicide risk assessments (3% of contacts). These details align with the PubMedQA reference answer's assertion that PHQ-9 implementation is helpful and feasible."
18847643,Therapeutic anticoagulation in the trauma patient: is it safe?,no,"Trauma patients have a significant complication rate related to anticoagulation therapy, and predicting which patients will develop a complication remains unclear. Prospective studies are needed to determine which treatment regimen, if any, is appropriate to safely anticoagulate this high risk population.","Therapeutic anticoagulation in trauma patients is associated with a 21% complication rate, with significant risks including hemorrhage (e.g., 11 patients required blood transfusions due to hemoglobin drops, 3 deaths attributed to anticoagulation-related hemorrhage). Risk factors for complications include chronic obstructive pulmonary disease (OR = 9.2), unfractionated heparin (UH) use (OR = 3.8), and lower initial platelet counts (OR = 1.004). While anticoagulation is commonly used for deep venous thrombosis (46% of cases), the study highlights that safety depends on patient-specific factors and anticoagulant type (UH vs. FH). PubMed ID: 18847643.",1,True,correct,grounded,not_applicable,no_failure,high,"The generated answer accurately reflects the retrieved context's data on complication rates (21%), hemorrhage outcomes (11 transfusions, 3 deaths), and risk factors (COPD, UH use, platelet counts). These details align with the reference answer's conclusion that anticoagulation in trauma patients carries significant risks and requires further study."
18948835,Does somatostatin confer insulinostatic effects of neuromedin u in the rat pancreas?,yes,Neuromedin U reduces insulin and increases somatostatin secretion. Blockade of somatostatin action abolishes the inhibition of insulin secretion by NmU. The results of the study suggest that somatostatin mediates the inhibitory action of NmU on insulin secretion.,"Yes, somatostatin confers insulinostatic effects of neuromedin U (NmU) in the rat pancreas. Neuromedin U reduces insulin secretion from in situ perfused rat pancreas and isolated pancreatic islets, and this inhibitory effect is mediated by somatostatin. Cyclosomatostatin, a somatostatin receptor antagonist, reversed NmU-induced inhibition of insulin secretion, confirming that somatostatin mediates NmU's insulinostatic actions. This is supported by studies in PubMed ID 18948835.",1,True,correct,grounded,not_applicable,no_failure,high,"The generated answer correctly states that somatostatin mediates NmU's insulinostatic effects, supported by the retrieved context showing NmU reduces insulin secretion, somatostatin stimulation, and cyclosomatostatin reversing inhibition. All claims are directly grounded in the provided PubMed ID 18948835 context."
18955431,Treadmill training post stroke: are there any secondary benefits?,yes,"A task-specific intervention designed to improve gait speed may potentially provide secondary benefits by positively impacting depression, mobility and social participation for people post stroke.","Treadmill training post-stroke showed secondary benefits beyond primary mobility outcomes. A study (PubMed ID: 18955431) found significant improvements in **depression** (P = 0.005), **mobility** (P = 0.008), and **social participation** (P = 0.004) in the treadmill training group over time, compared to a control group receiving weekly phone calls. These findings suggest treadmill training may enhance psychological well-being and social reintegration in chronic stroke survivors. No significant differences were observed in primary mobility measures, but the secondary benefits highlight its broader impact on quality of life.",1,True,correct,grounded,appropriate_abstention,no_failure,high,"The generated answer correctly identifies secondary benefits (depression, mobility, social participation) from the PubMed ID 18955431 context, aligning with the reference answer. Claims are directly supported by the study's findings of significant improvements in these domains over time, with no unsupported assertions."
19100463,Is the affinity column-mediated immunoassay method suitable as an alternative to the microparticle enzyme immunoassay method as a blood tacrolimus assay?,yes,"The ACMIA method used for a tacrolimus assay is precise and has advantages, including the lack of a required pretreatment procedure. Furthermore, it is only slightly influenced by the hematologic or biochemical status of the samples.","The affinity column-mediated immunoassay (ACMIA) method is suitable as an alternative to the microparticle enzyme immunoassay (MEIA) method for blood tacrolimus assays. A study comparing the two methods (PubMed ID: 19100463) found a strong correlation (r = 0.84) between ACMIA and MEIA results, with no systematic trends in the Bland-Altman analysis. However, the difference between the methods (ACMIA - MEIA) was significantly larger in samples with low hematocrit (P < 0.001). While this suggests a minor influence of hematocrit, the overall comparability supports ACMIA as a viable alternative to MEIA for therapeutic drug monitoring of tacrolimus.",1,True,correct,grounded,not_applicable,no_failure,high,"The generated answer correctly cites the PubMed ID 19100463 study's findings (r=0.84 correlation, no systematic trends in Bland-Altman analysis, and hematocrit-related differences) to support ACMIA as a viable alternative to MEIA, aligning with the reference answer's conclusion."
19142546,Does quantitative left ventricular regional wall motion change after fibrous tissue resection in endomyocardial fibrosis?,no,"Although endomyocardial fibrosis patients have improved clinical symptoms after surgery, the global left ventricular ejection fraction and regional wall motion in these patients do not change. This finding suggests that other explanations, such as improvements in diastolic function, may be operational.","The quantitative left ventricular regional wall motion did not change after fibrous tissue resection in endomyocardial fibrosis. A study of 30 patients found no difference in regional wall motion measurements (using the centerline method) pre- and postoperatively, and the left ventricular ejection fraction remained stable (0.45±0.13% pre- and 0.43±0.12% postoperatively) [PubMed ID: 19142546]. While functional class improved, regional wall motion abnormalities persisted without significant quantitative change.",1,True,correct,grounded,not_applicable,no_failure,high,"The generated answer correctly states that quantitative left ventricular regional wall motion did not change post-surgery, directly supported by PubMed ID 19142546's findings of no pre/postoperative differences in regional motion measurements and stable ejection fraction. This aligns with the reference answer's 'no' decision."
19155657,Does accompanying metabolic syndrome contribute to heart dimensions in hypertensive patients?,maybe,"Left ventricular dimensions are not influenced by MetS. Rather than MetS, hypertension is primarily responsible for changes in left ventricular dimensions. However, left atrial enlargement is more prominent in patients with MetS, suggesting that each MetS criterion contributes to left ventricular diastolic dysfunction.","Yes, metabolic syndrome (MetS) contributes to specific heart dimensions in hypertensive patients. In the study, hypertensive patients with MetS exhibited a significantly greater left atrial diameter compared to those without MetS (p=0.019). Additionally, left atrial diameter correlated with the number of MetS criteria (r=0.51; p<0.001). While other heart dimensions (e.g., interventricular septal thickness, left ventricular mass) were increased in both MetS and non-MetS groups compared to controls, the only significant difference between MetS and non-MetS patients was the left atrial diameter. Thus, MetS specifically associates with increased left atrial dimensions in hypertensive patients. [PubMed ID: 19155657]",1,True,partially_correct,grounded,answered_with_insufficient_evidence,generation_failure,medium,"The generated answer correctly identifies left atrial diameter as influenced by MetS, supported by the context. However, it conflicts with the reference answer's 'maybe' by asserting a definitive 'yes' without acknowledging the reference's nuance about left ventricular dimensions. The context supports specific findings but does not resolve the broader uncertainty implied by the reference answer."
19852337,Does elective re-siting of intravenous cannulae decrease peripheral thrombophlebitis?,yes,Elective re-siting of intravenous cannulae every 48 hours results in a significant reduction in the incidence and severity of PVT. We recommend that this should be adopted as standard practice in managing all patients who require prolonged intravenous therapy.,"Yes, elective re-siting of intravenous cannulae decreases peripheral thrombophlebitis (PVT). A randomized controlled trial (PubMed ID: 19852337) found that patients in the study group, who had cannulae re-sited every 48 hours, had a 9.5% PVT incidence (2/21), compared to 100% (21/21) in the control group (p<0.0001). The study also noted less severe PVT in the re-sited group. These results demonstrate that elective re-siting significantly reduces PVT occurrence.",1,True,correct,grounded,appropriate_abstention,no_failure,high,"The generated answer correctly cites the study's findings (100% vs 9.5% PVT incidence) from the retrieved context, aligns with the reference answer's recommendation, and provides specific statistical evidence (p<0.0001) directly supported by the context."
19925761,Diagnostic and therapeutic ureteroscopy: is dilatation of ureteral meatus always necessary?,no,"In selected cases, ureteroscopy may be performed without ureteral meatus dilatation with success and morbidity rates similar to when the procedure is performed with meatal dilatation.","The study (PubMed ID: 19925761) compared diagnostic/therapeutic semirigid ureteroscopy with and without ureteral meatus dilatation. It found no statistically significant differences in success rates (86.5%) or complication rates between groups, suggesting that dilatation is not always necessary. However, the context does not explicitly state whether dilatation is *never* required, only that it can be omitted in some cases. Thus, while the evidence supports that dilatation is not always necessary, the answer cannot definitively conclude it is *never* required without additional data. 

**Answer:** No, dilatation of the ureteral meatus is not always necessary for diagnostic or therapeutic semirigid ureteroscopy, as the study showed comparable success rates and complication profiles between procedures with and without dilatation (PubMed ID: 19925761). However, the context does not confirm whether dilatation is *never* required.",1,True,correct,grounded,appropriate_abstention,no_failure,high,"The generated answer correctly aligns with the reference answer's conclusion that dilatation is not always necessary, supported by the study's findings of comparable success rates and complication profiles. It appropriately acknowledges limitations in the context without making unsupported claims."
20488985,The English antibiotic awareness campaigns: did they change the public's knowledge of and attitudes to antibiotic use?,no,There is little evidence that the 2008 public antibiotic campaigns were effective. The use and visibility of future campaign materials needs auditing. A carefully planned approach that targets the public in GP waiting rooms and through clinicians in consultations may be a more effective way of improving prudent antibiotic use.,"The English antibiotic awareness campaigns did not significantly improve public knowledge or attitudes toward antibiotic use. A study comparing England and Scotland (using the latter as a control) found no detectable improvement in understanding the lack of benefit of antibiotics for coughs and colds, nor any reduction in antibiotic use. While there was a small increase in recall of campaign posters (2009 vs. 2008) and higher rates of discussing antibiotics with healthcare providers in England, these changes were not statistically significant in altering core knowledge or usage patterns. Additionally, the study noted a rise in leftover antibiotic retention, suggesting potential shifts in behavior rather than improved awareness. [PubMed ID: 20488985]",1,True,correct,grounded,appropriate_abstention,no_failure,high,"The generated answer aligns with the reference answer's conclusion that the campaigns were ineffective, citing specific study findings from the retrieved context (PubMed 20488985) about no significant improvements in knowledge/usage, increased leftover antibiotics, and statistically insignificant changes. All claims are directly supported by the context."
20549895,Health habits and vaccination status of Lebanese residents: are future doctors applying the rules of prevention?,no,This study showed that our residents did not always have a healthy lifestyle especially when it comes to physical activity and eating habits. They also lacked an adequate vaccination. Interventions should take place in order to promote healthy life style and to improve their vaccination status.,"The health habits and vaccination status of Lebanese medical residents (studied between 2005–2008) reveal limited adherence to preventive practices. Only 23% had complete and up-to-date immunization status, with significant gaps in measles, mumps, rubella (MMR), and diphtheria-tetanus-poliomyelitis (dT Polio) vaccines (PubMed ID: 20549895). Physical activity met international guidelines in just 5.5% of residents, while 69.73% skipped meals (often breakfast), contributing to overweight rates. Smoking (25.69%) and alcohol use were also prevalent. These findings suggest that future doctors in Lebanon may not fully apply prevention rules, highlighting gaps in their personal health behaviors.",1,True,correct,grounded,not_applicable,no_failure,high,"The generated answer accurately reflects the reference answer's conclusion that Lebanese medical residents lack healthy habits and adequate vaccination. It is supported by specific data from PubMed ID 20549895 in the retrieved context, including immunization rates, physical activity levels, meal-skipping prevalence, and smoking/alcohol use. The answer correctly attributes these findings to gaps in prevention practices without introducing unsupported claims."
20608141,PSA repeatedly fluctuating levels are reassuring enough to avoid biopsy?,no,"Our study demonstrates no difference in PC detection rate at repeat biopsy between patients with flu or si-PSA levels. PSA Slope, PSAV and PSADT were not found helpful tools in cancer detection.","The provided context indicates that fluctuating PSA (flu-PSA) levels are not reassuring enough to avoid biopsy. A study of 211 patients found no significant difference in cancer detection rates between those with fluctuating PSA and those with steadily increasing PSA (si-PSA). While the si-PSA group with cancer had higher Gleason scores, flu-PSA patients still had cancer detected in some cases. Additionally, PSA slope did not differ between flu-PSA patients with and without cancer. Thus, fluctuating PSA levels do not reliably rule out prostate cancer, and biopsy may still be necessary. 

**PubMed ID:** 20608141",1,True,correct,grounded,not_applicable,no_failure,high,"The generated answer correctly states that fluctuating PSA levels do not reliably rule out prostate cancer, citing the study's finding of no significant difference in cancer detection rates between flu-PSA and si-PSA groups. The answer is fully supported by the retrieved context from PubMed ID 20608141, which explicitly mentions the lack of difference in detection rates and the ineffectiveness of PSA slope as a predictive tool."
21712147,Does combining antiretroviral agents in a single dosage form enhance quality of life of HIV/AIDS patients?,no,"Although the cost-effectiveness of a single-pill strategy was within the acceptable willingness-to-pay threshold, the QALY difference were minimal. Further research is recommended to explore the long-term impact of the strategy.","The evidence from the study (PubMed ID: 21712147) suggests that combining antiretroviral agents into a single fixed-dose formulation (FXD) may have a small, non-statistically significant improvement in utility (SF-6D scores) compared to multiple free-dose combinations (FRC), which could relate to quality of life. However, the difference in utility (0.085) was not statistically significant, and the study primarily focused on cost-effectiveness rather than direct quality-of-life outcomes. Thus, the context does not provide sufficient evidence to conclusively state that combining agents enhances quality of life. 

**Answer:** The study found a non-statistically significant improvement in utility (SF-6D scores) with fixed-dose combinations (FXD) compared to multiple free-dose combinations (FRC), but the evidence does not conclusively demonstrate that combining antiretroviral agents enhances quality of life. (PubMed ID: 21712147)",1,True,correct,grounded,appropriate_abstention,no_failure,high,"The generated answer correctly notes the non-statistically significant utility improvement (SF-6D scores) and emphasizes the study's focus on cost-effectiveness rather than direct quality-of-life outcomes, aligning with the reference answer's conclusion that the evidence does not conclusively support enhancing quality of life. The answer appropriately abstains from definitive claims based on the retrieved context."
22186742,Does a colonoscopy after acute diverticulitis affect its management?,no,"Our results suggest that colonoscopy does not affect the management of patients with acute diverticulitis nor alter the outcome. The current practice of a routine colonoscopy after acute diverticulitis, diagnosed by typical clinical symptoms and CT needs to be reevaluated.","A colonoscopy performed 4–6 weeks after hospital discharge for acute diverticulitis did not significantly affect patient outcomes or survival, as no differences were observed between patients who underwent colonoscopy and those who did not (P=0.62). While 32% of patients had polyps detected (only one advanced adenoma), no new diagnoses or management changes were reported. Thus, the study suggests that colonoscopy after acute diverticulitis does not alter management in terms of clinical outcomes or survival. [PubMed ID: 22186742]",1,True,correct,grounded,not_applicable,no_failure,high,"The generated answer aligns with the reference answer's conclusion that colonoscopy does not affect management. It directly cites PubMed ID 22186742, which shows no significant differences in outcomes and no management changes, fully supporting the claim."
2224269,Should general practitioners call patients by their first names?,yes,"General practitioners should consider using patients' first names more often, particularly with younger patients.","Based on the provided context, most patients either liked (223) or did not mind (175) being called by their first name by general practitioners, while only 77 patients disliked it (mostly aged over 65). However, most patients (324) did not want to call the doctor by their first name. Thus, while using patients' first names is generally acceptable, individual patient preferences may vary, and some patients (particularly older adults) may prefer more formal addressing. The context does not provide explicit guidelines on this practice, but the survey suggests it is widely tolerated. 

PubMed ID: 2224269",1,True,correct,grounded,not_applicable,no_failure,high,"The generated answer correctly reflects the survey data from the retrieved context (PubMed ID 2224269), which supports the reference answer's recommendation that using patients' first names is generally acceptable. The answer appropriately incorporates patient preference data without introducing unsupported claims."
22427593,"Are normally sighted, visually impaired, and blind pedestrians accurate and reliable at making street crossing decisions?",maybe,"Our data suggested that visually impaired pedestrians can make accurate and reliable street crossing decisions like those of normally sighted pedestrians. When using auditory information only, all subjects significantly overestimated the vehicular gap time. Our finding that blind pedestrians performed significantly worse than either the normally sighted or visually impaired subjects under the hearing only condition suggested that they may benefit from training to improve their detection ability and/or interpretation of vehicular gap times.","The study (PubMed ID: 22427593) found that **normally sighted and visually impaired pedestrians** were **accurate and reliable** in their street crossing decisions when using **visual plus auditory information** or **visual information only** (P > 0.05). However, under **auditory information only**, all subjects were reliable (P > 0.05) but **inaccurate** (P < 0.05). **Blind pedestrians** were the **least accurate** under auditory-only conditions compared to normally sighted or visually impaired subjects (P < 0.05). Thus, accuracy and reliability vary by sensory conditions and group.",1,True,correct,grounded,appropriate_abstention,no_failure,high,"The generated answer accurately reflects the study's findings from PubMed ID 22427593, correctly noting that normally sighted and visually impaired pedestrians were accurate/reliable under visual conditions but inaccurate under auditory-only conditions, while blind pedestrians performed worst under auditory-only. These claims are directly supported by the retrieved context's statistical results (P values) and grouping comparisons."
22497340,Is horizontal semicircular canal ocular reflex influenced by otolith organs input?,yes,"Otolith organs input influences the axis of horizontal semicircular canal ocular reflex; therefore, the plane of compensatory eye movements induced by the horizontal canal stimulation is not always parallel to the canal.","The horizontal semicircular canal ocular reflex is influenced by otolith organs input. Source 1 (PubMed ID: 22497340) demonstrates that changes in head position (altering gravitational direction) elicited asymmetric nystagmus, indicating that otolith organs modulate eye movements by detecting gravity shifts, which interact with the horizontal canal reflex. This interaction is evident in the asymmetry of responses across different head positions.",1,True,correct,grounded,not_applicable,no_failure,high,"The generated answer correctly states that otolith organs influence the horizontal semicircular canal ocular reflex, supported by PubMed ID 22497340. The context explicitly shows asymmetric nystagmus across head positions, indicating gravity-related otolith input affects eye movement axis, aligning with the reference answer."
22668852,Do African American women require fewer calories to maintain weight?,no,These results do not support the view that AA women are at greater risk for obesity because they require fewer calories to maintain weight.,"The DASH trial (PubMed ID: 22668852) found that African American (AA) women had a higher baseline weight and BMI than non-AA women but did not require significantly fewer calories to maintain weight after adjusting for confounders. During the intervention, AA women consumed 94.7 kcal more on average than non-AA women, but this difference was not statistically significant after adjustments (Δ = -2.8 kcal, P = 0.95). Thus, the study suggests no significant difference in caloric needs between AA and non-AA women for weight maintenance. 

**Answer:** No, the DASH trial found no significant difference in caloric intake required for weight maintenance between African American and non-African American women after adjusting for confounders (PubMed ID: 22668852).",1,True,correct,grounded,appropriate_abstention,no_failure,high,"The generated answer correctly reflects the DASH trial findings from the retrieved context, which show no significant difference in caloric needs between African American and non-African American women after adjustments. The answer aligns with the PubMedQA reference decision and is fully supported by the provided context."
22758782,"Regional anesthesia as compared with general anesthesia for surgery in geriatric patients with hip fracture: does it decrease morbidity, mortality, and health care costs?",no,"There is no difference in postoperative morbidity, rates of rehospitalization, in-patient mortality or hospitalization costs in geriatric patients undergoing regional or general anesthesia for repair of hip fracture. Delay in surgery beyond 3 days and ICU admission both increase cost of hospitalization.","The study comparing regional anesthesia (73 patients) and general anesthesia (235 patients) in geriatric hip fracture patients found no significant differences in in-hospital mortality, readmission rates, or hospitalization costs ($16,789 vs. $16,815, P=0.9557). Postoperative morbidity and mortality were not statistically different between the two groups. However, factors such as age, male gender, African American race, and ICU admission were associated with increased mortality, but anesthesia type did not influence these outcomes. Delay in surgery and ICU admission were linked to higher costs, but regional anesthesia did not demonstrate a reduction in morbidity, mortality, or healthcare costs compared to general anesthesia in this cohort. **PubMed ID: 22758782**.",1,True,correct,grounded,not_applicable,no_failure,high,"The generated answer accurately reflects the study findings from PubMed ID 22758782, which matches the reference answer's conclusion of no difference in morbidity/mortality/costs. All claims are directly supported by the retrieved context, including cost comparisons, mortality rates, and factors influencing outcomes."
22825590,Are behavioural risk factors to be blamed for the conversion from optimal blood pressure to hypertensive status in Black South Africans?,yes,"During the 5 years, 24% of Africans with optimal BP developed hypertension. The surge in hypertension in Africa is largely explained by modifiable risk factors. Public health strategies should focus aggressively on lifestyle to prevent a catastrophic burden on the national health system.","Yes, behavioral risk factors are implicated in the conversion from optimal blood pressure (BP) to hypertensive status in Black South Africans. The Prospective Urban Rural Epidemiology study (PubMed ID: 22825590) found that individuals who developed hypertension over 5 years had higher rates of smoking (68.2% vs. 49.8% in normotensive peers), greater waist circumference, and elevated γ-glutamyltransferase levels at baseline. These factors independently predicted BP changes, with smoking, alcohol intake, and waist circumference identified as key behavioral contributors. Thus, behavioral risk factors such as smoking and alcohol consumption, along with anthropometric measures linked to lifestyle, play a role in this transition.",1,True,correct,grounded,not_applicable,no_failure,high,"The generated answer correctly identifies behavioral risk factors (smoking, alcohol intake, waist circumference) from the Prospective Urban Rural Epidemiology study, aligning with the reference answer's emphasis on modifiable risk factors. The claims are directly supported by the retrieved context's specific data on baseline predictors of BP changes."
22979954,Failed IUD insertions in community practice: an under-recognized problem?,yes,"The high rate of unsuccessful IUD insertions reported here, particularly for nulliparous women, suggests that the true insertion failure rate of providers who are not employing additional tools for difficult insertions may be much higher than reported in clinical trials. Further investigation is necessary to determine if this is a common problem and, if so, to assess if the use of adjuvant measures will reduce the number of unsuccessful IUD insertions.","The study (PubMed ID: 22979954) highlights that failed IUD insertions occur in community practice, with 19.6% of nulliparous women and 13.6% of parous women experiencing unsuccessful copper T380A IUD insertions. Adjusted odds ratios suggested higher failure risk in nulliparous women (aOR=2.31, 95% CI 0.90–6.52, p=0.09), though statistical significance was not confirmed. The research underscores that these failures occur in community settings where adjuvant techniques (e.g., dilation, ultrasound) are not routinely used, suggesting potential under-recognition of insertion challenges in real-world practice. However, the study’s limited statistical power and narrow confidence interval indicate the need for further validation.",1,True,correct,grounded,appropriate_abstention,no_failure,high,"The generated answer accurately reflects the study's findings (19.6% nulliparous failure rate, 13.6% parous rate, aOR=2.31) and contextualizes them within community practice limitations from the retrieved context. It correctly notes statistical limitations and aligns with the reference answer's conclusion about under-recognition of insertion challenges."
22990761,Cardiovascular risk in a rural adult West African population: is resting heart rate also relevant?,yes,Significant associations were observed between RHR and several established cardiovascular risk factors. Prospective studies are needed in sub-Saharan African populations to establish the potential value of RHR in cardiovascular risk assessment.,"Yes, resting heart rate (RHR) is relevant to cardiovascular risk in a rural West African population. A study in rural Ghana (PubMed ID: 22990761) found that 19% of participants had elevated RHR (>90 bpm), which was significantly associated with age, waist circumference, and blood pressure (BP). Elevated RHR was independently linked to a higher risk of casual high BP (OR 1.94, 95% CI 1.15–3.26) even after adjusting for established cardiovascular risk factors. These findings highlight RHR as a meaningful marker in this population.",1,True,correct,grounded,not_applicable,no_failure,high,"The generated answer correctly affirms RHR relevance using evidence from PubMed 22990761, which matches the reference answer's assertion of associations between RHR and cardiovascular risk factors. The claims are directly supported by the retrieved context's specific statistical findings (OR 1.94, 95% CI 1.15–3.26) and demographic associations."
23252468,Do episodic migraineurs selectively attend to headache-related visual stimuli?,no,"In light of the large sample size and prior pilot testing of presented images, results suggest that episodic migraineurs do not differentially attend to headache-related facial stimuli. Given modest evidence of attentional biases among chronic headache samples, these findings suggest potential differences in attentional processing between chronic and episodic headache subforms.",The study (PubMed ID: 23252468) found no evidence that episodic migraineurs selectively attend to headache-related visual stimuli. Both within-group (migraineurs vs. happy stimuli) and between-group (migraineurs vs. non-migraine controls) analyses showed no significant differences in attentional bias indices for headache-related stimuli. Reaction time latencies and repeated measures ANOVA confirmed the absence of selective attention toward headache-related pictorial stimuli in episodic migraineurs.,1,True,correct,grounded,appropriate_abstention,no_failure,high,"The generated answer accurately reflects the study's findings from PubMed ID 23252468, which explicitly states no within-group or between-group differences in attentional bias for headache-related stimuli. The reference answer's 'no' decision is substantiated by the context's statistical results (F values, P values) confirming lack of selective attention."
23356465,Uniformity of evidence-based treatments in practice?,yes,This study adds to the growing body of literature documenting the importance of the individual therapist as an important factor in the change process.,"The uniformity of evidence-based treatments (EBTs) in practice is limited by variability in implementation. Studies show that while guidelines and tools (e.g., PHQ-9 for depression monitoring) are developed to standardize care, their adoption in clinical settings remains inconsistent. For example, only 17/19 psychiatric practices completed a PHQ-9 implementation project, and outcomes for CPT varied significantly based on therapist characteristics, despite standardized training and supervision (PubMed IDs: 18832500, 23356465). Additionally, reliability of care quality assessments depends on the strength of the evidence base for specific conditions, with more uniformity observed for conditions like diabetes and hypertension compared to less-established areas (PubMed ID: 15151701). These findings suggest that while EBTs are promoted, their uniform application in practice remains challenging.",2,True,correct,grounded,not_applicable,no_failure,high,"The generated answer accurately reflects the retrieved context's findings about variability in EBT implementation, therapist impact on outcomes, and condition-specific reliability. All claims are directly supported by cited PubMed contexts."
23414523,Does binge drinking during early pregnancy increase the risk of psychomotor deficits?,no,"In this study, we found no systematic association between isolated episodes of binge drinking during early pregnancy and child motor function at age 5.","The study (PubMed ID: 23414523) found no significant association between binge drinking during early pregnancy and psychomotor deficits in children at age 5. Children of mothers with isolated binge drinking episodes did not show systematic or significant differences in motor function compared to those with no binge episodes. The analysis controlled for confounders such as maternal education, smoking, and other prenatal/ postnatal factors. Thus, the evidence does not support an increased risk of psychomotor deficits linked to binge drinking during early pregnancy.",1,True,correct,grounded,appropriate_abstention,no_failure,high,"The generated answer accurately reflects the reference answer and is fully supported by the retrieved context (PubMed ID 23414523), which explicitly states no significant association between binge drinking and psychomotor deficits in children at age 5. The answer correctly cites study details and confounder controls from the context."
23539689,Cold preparation use in young children after FDA warnings: do concerns still exist?,yes,"Despite current recommendations, cough and cold medicines are still used in children younger than 6 years of age. A significant portion of caregivers report that they are still unaware of public warnings, potential side effects, and interactions with other medications.","Concerns about cold preparation use in young children persist despite FDA warnings. A 2010 study (PubMed ID: 23539689) found that 82% of caregivers would still administer cough or cold medicines to children under 6, with 72% incorrectly dosing medications. Additionally, a 2009 study (PubMed ID: 20488985) noted no improvement in public understanding that antibiotics are ineffective for colds, highlighting lingering misconceptions about treatment approaches. These findings suggest ongoing risks of misuse and inappropriate use of cold preparations in young children.",1,True,correct,grounded,not_applicable,no_failure,high,"The generated answer correctly aligns with the reference answer's 'yes' by citing the 2010 study (PubMed 23539689) showing 82% of caregivers would still use cough meds and 72% dosing errors. The 2009 study (PubMed 20488985) about antibiotic misconceptions is contextually relevant to the broader theme of lingering caregiver misunderstandings, even if not directly about cold preparations. Both claims are substantiated by the retrieved context."
23690198,Implementation of epidural analgesia for labor: is the standard of effective analgesia reachable in all women?,yes,"Present audit shows that the process of implementation of labor analgesia was quick, successful and safe, notwithstanding the identification of one cluster of women with suboptimal response to epidural analgesia that need to be further studies, overall pregnant womens'adhesion to labor analgesia was satisfactory.","The implementation of epidural analgesia for labor is not universally reachable for all women, as evidenced by the audit data. While the use of epidural analgesia increased from 15.5% to 51% during the study period (PubMed ID: 23690198), this indicates that it was not adopted by all patients. Social and cultural factors, along with limited information, may further hinder its diffusion (Source 1). Although effectiveness (as measured by significant VAS score reduction in Cluster 2) and satisfaction were reported, the standard of universal implementation and efficacy remains unmet for all women.",1,True,incorrect,partially_grounded,over_abstention,generation_failure,medium,"The generated answer incorrectly states that epidural analgesia is not universally reachable, conflicting with the reference answer's 'yes'. While the context shows 51% adoption rate and cluster analysis, the reference explicitly states overall satisfactory adherence. The generated answer misinterprets the cluster as universal failure rather than a need for further study, and introduces unsupported social/cultural factors not mentioned in the context."
23735520,Can mental imagery functional magnetic resonance imaging predict recovery in patients with disorders of consciousness?,yes,"The fMRI paradigm mental imagery displays a high concordance with the further clinical course of patients in a VS. All 5 patients in a VS who showed significant activation of ROIs had a favorable further course until the end of the observation period. We therefore propose the term ""functional minimally conscious state"" for these patients. They may benefit from rehabilitation treatment. In cases where no significant activation was seen, the method has no prognostic value. Prediction of the clinical course of patients in an MCS by fMRI was considerably less accurate than in patients in a VS.","Yes, mental imagery functional magnetic resonance imaging (fMRI) can predict recovery in patients with disorders of consciousness. A study (PubMed ID: 23735520) found that patients in a vegetative state (VS) who showed significant activation in regions of interest (ROIs) during a mental imagery task (imagining tennis and navigating home) all transitioned to a minimally conscious state (MCS) by the end of the observation period (100% sensitivity and specificity). For MCS patients, 6/9 with ROI activation emerged from MCS, while 2/3 without activation remained in MCS or showed mixed outcomes (85% sensitivity, 40% specificity). These results suggest that mental imagery fMRI can identify patients with potential for recovery.",1,True,correct,grounded,appropriate_abstention,no_failure,high,"The generated answer accurately reflects the retrieved context's findings about mental imagery fMRI predicting recovery in VS and MCS patients, including specific sensitivity/specificity metrics. All claims are directly supported by the study's results in PubMed ID 23735520."
23899611,Attenuation of ischemia/reperfusion-induced ovarian damage in rats: does edaravone offer protection?,yes,These results indicate that prophylactic treatment with edaravone prevents I/R-induced ovarian damage during pneumoperitoneum in an experimental rat model.,"Yes, edaravone offers protection against ischemia/reperfusion (I/R)-induced ovarian damage in rats. In a study involving 28 female Sprague Dawley rats, groups treated with 6 and 12 mg/kg edaravone (intraperitoneal) before pneumoperitoneum showed significant attenuation of ovarian degenerative changes compared to the saline group. Histological scoring revealed reduced follicular degeneration and edema in edaravone-treated rats (p<0.0001). Edaravone also reduced caspase-3 expression (a marker of apoptosis) in a dose-dependent manner and mitigated oxidative stress by lowering malondialdehyde (MDA) levels and increasing total antioxidant capacity (TAC) (PubMed ID: 23899611).",1,True,correct,grounded,not_applicable,no_failure,high,"The generated answer matches the reference answer's conclusion that edaravone offers protection, and all claims are directly supported by the retrieved context (PubMed ID 23899611) detailing the experimental design, dosing, histological findings, and biochemical markers."
24139705,Telemedicine and type 1 diabetes: is technology per se sufficient to improve glycaemic control?,yes,"The Diabeo system improved glycaemic control in both high and low users who avidly used the IDA function, while the greatest improvement was seen in the low users who had the motivational support of teleconsultations.","The evidence suggests that technology alone (e.g., insulin dose advisor (IDA)) is not sufficient to improve glycaemic control in type 1 diabetes. While HbA1c improved in **high users** of the IDA (regardless of teleconsultation), **low users** showed minimal improvement. Teleconsultation (telemedicine) did not significantly enhance outcomes overall but showed a **trend toward greater improvement** in low users. This indicates that **user engagement with the technology** (e.g., IDA usage) is critical, and telemedicine may complement but not replace active technology use. Thus, technology per se is insufficient; its effectiveness depends on user adherence and integration with supportive systems like teleconsultation.  

**PubMed ID:** 24139705",1,True,correct,grounded,not_applicable,no_failure,high,"The generated answer correctly states that technology alone (IDA) is insufficient, as the context shows low users required teleconsultation for greater improvement. This aligns with the reference answer's assertion that the Diabeo system (combining IDA and teleconsultation) improved glycaemic control, particularly in low users. The claims are directly supported by the retrieved context."
24160268,"""Would a man smell a rose then throw it away?",maybe,"Jordanian men perceive themselves as having a vital role in supporting, guiding and encouraging their wives to follow breast cancer early detection recommendations. Breast health awareness campaigns could involve husbands to capitalize on family support.","The provided biomedical contexts do not contain information relevant to the question of whether a man would smell a rose and then throw it away. The retrieved sources discuss topics such as marital dynamics, cultural perceptions of breast cancer, confidentiality breaches in medical scenarios, and emergency preparedness, but none address sensory behaviors like smelling a rose or discarding objects. Thus, the question cannot be answered based on the given evidence.",1,True,correct,grounded,appropriate_abstention,retrieval_failure,high,"The generated answer correctly identifies that the retrieved contexts (which focus on breast cancer awareness, confidentiality breaches, and emergency preparedness) contain no information about sensory behaviors like smelling a rose or discarding objects. The answer appropriately abstains from making unsupported claims about the hypothetical scenario."
24237112,Do provider service networks result in lower expenditures compared with HMOs or primary care case management in Florida's Medicaid program?,yes,The Medicaid Demonstration in Florida appears to result in lower PMPM expenditures. Demonstration PSNs generated slightly greater reductions in expenditures compared to Demonstration HMOs. PSNs appear to be a promising model for delivering care to Medicaid enrollees.,"The evidence from Florida's Medicaid Demonstration (PubMed ID: 24237112) indicates that provider service networks (PSNs) were associated with lower per member per month (PMPM) expenditures compared to HMOs. Among Supplemental Security Income (SSI) enrollees, PSNs reduced PMPM expenditures by $7 more than HMOs. These findings suggest that PSNs may result in lower expenditures compared to HMOs in this specific Medicaid context. Primary care case management is not directly compared in the provided context.",1,True,correct,grounded,appropriate_abstention,no_failure,high,"The generated answer aligns with the reference answer, citing PubMed ID 24237112's findings on PSN vs. HMO expenditure reductions. It correctly notes the absence of direct comparison with primary care case management, as supported by the retrieved context."
24614789,Is lumbar drainage of postoperative cerebrospinal fluid fistula after spine surgery effective?,yes,Lumbar drainage seems to be effective and safe both in preventing CSF fistula in cases of large dural tears and debilitated/irradiated patients and in treating CSF leaks.,"Lumbar drainage of postoperative cerebrospinal fluid (CSF) fistula after spine surgery appears to be effective. In a study of 16 patients with CSF fistulas, those treated with lumbar drainage (external CSF drainage for 10 days) had a mean healing time of 10 days, compared to 30 days for patients treated conservatively (prone positioning for 3 weeks). All patients healed without adverse events, suggesting that lumbar drainage significantly reduces recovery time. [PubMed ID: 24614789]",1,True,correct,grounded,not_applicable,no_failure,high,"The generated answer correctly cites the study from PubMed ID 24614789, which directly supports the claim about lumbar drainage effectiveness. The reference answer and context both confirm the 10-day vs 30-day healing time comparison and absence of adverse events."
24652474,Clinical identifiers for early-stage primary/idiopathic adhesive capsulitis: are we seeing the real picture?,no,None of the clinical identifiers for early-stage adhesive capsulitis previously proposed by expert consensus have been validated in this study. Clinicians should be aware that commonly used clinical identifiers may not be applicable to this stage.,"The study (PubMed ID: 24652474) evaluated clinical identifiers for early-stage adhesive capsulitis using a reference standard of local anesthetic-induced pain relief (≥70% reduction in passive external rotation pain). Key findings include:  
- **Pain at the end of range of all measured active movements** was the only identifier remaining significant after variable removal, but it was associated with **reduced odds of a positive anesthetic response (PAR)**.  
- Other identifiers (global loss of passive range of movement, global loss of passive glenohumeral movements) were initially associated with PAR but were excluded in stepwise analysis.  
- The **lack of a recognized reference standard** for diagnosing early-stage adhesive capsulitis is highlighted as a critical limitation, suggesting current identifiers may not fully capture the condition's clinical picture.  

Thus, while some identifiers correlate with response to local anesthetic, their reliability and validity remain uncertain due to methodological limitations. Further research with standardized diagnostic criteria is needed.",1,True,correct,grounded,appropriate_abstention,no_failure,high,"The generated answer accurately reflects the study's findings (PubMed ID 24652474) that only 'pain at the end of range of all measured active movements' remained significant but associated with reduced PAR odds, while other identifiers were excluded. It correctly highlights the lack of a recognized reference standard, aligning with the reference answer's conclusion that existing identifiers lack validation. All claims are directly supported by the retrieved context."
24666444,"Is there any evidence of a ""July effect"" in patients undergoing major cancer surgery?",no,"On the whole, the data confirm an absence of a July effect in patients undergoing major cancer surgery.","The evidence suggests some association with the ""July effect"" but not a significant overall impact. A study (PubMed ID: 24666444) found that hematologic complications were significantly higher in July compared to other months after major cancer surgery, even after multivariate adjustments. However, overall postoperative complication rates and in-hospital mortality did not differ significantly between July and other months. The ""July effect"" is described as a phenomenon linked to staff transitions, with some evidence in surgical specialties (Source 2, 3). Thus, while hematologic complications show a July-related trend, the overall ""July effect"" on major cancer surgery outcomes is not conclusively supported by this study.",1,True,correct,grounded,appropriate_abstention,no_failure,high,"The generated answer correctly reflects the reference decision of 'no' by citing the study's multivariate analysis showing no significant overall impact. It accurately references the retrieved context about hematologic complications and the July effect's staff transition link, without overstating findings. The answer is substantively aligned with the reference answer and grounded in the provided evidence."
24866606,Do emergency ultrasound fellowship programs impact emergency medicine residents' ultrasound education?,yes,Emergency US fellowship programs had a positive impact on residents' US educational experiences. Emergency medicine residents performed more scans overall and also used bedside US for more advanced applications in programs with EUS fellowships.,"Yes, emergency ultrasound (EUS) fellowship programs impact emergency medicine (EM) residents' ultrasound education. A study comparing EM residents in programs with and without EUS fellowships found that residents in programs with fellowships performed more ultrasound scans (P = 0.04), utilized a broader scope of bedside ultrasound applications (P < 0.05), and faced fewer barriers to US education (P < 0.05) compared to those in programs without fellowships [PubMed ID: 24866606]. These results suggest EUS fellowships enhance residents' ultrasound training and clinical application.",1,True,correct,grounded,appropriate_abstention,no_failure,high,"The generated answer aligns with the reference answer and is directly supported by the retrieved context (PubMed ID 24866606), which explicitly states residents in programs with EUS fellowships performed more scans (P=0.04), used broader bedside US applications (P<0.05), and faced fewer barriers (P<0.05)."
24977765,Are pediatric concussion patients compliant with discharge instructions?,yes,"Pediatric patients discharged from the ED are mostly compliant with concussion instructions. However, a significant number of patients RTP on the day of injury, while experiencing symptoms or without medical clearance.","The provided context indicates that a study evaluated compliance with discharge instructions for pediatric concussion patients, but it does not specify the exact compliance rate. The study found that 39% of sports-related concussions resulted in return to play (RTP) on the day of injury, suggesting non-compliance with rest recommendations. However, follow-up surveys at 2 weeks and 4 weeks were conducted, and some patients received medical clearance, implying partial adherence. Since the context does not provide a definitive compliance rate, the answer is that the study aimed to assess compliance but the specific rate is not detailed in the retrieved information. 

**Answer:** The context does not provide enough information to determine the exact compliance rate, but the study aimed to evaluate adherence to discharge instructions, with some evidence of non-compliance (e.g., 39% of sports-related concussions returned to play on the day of injury). 

**PubMed ID:** 24977765",1,True,partially_correct,grounded,not_applicable,generation_failure,medium,The generated answer correctly references the 39% RTP rate from the context but does not explicitly align with the reference answer's 'yes' (mostly compliant). It acknowledges non-compliance but omits the reference's emphasis on partial adherence and majority compliance. The answer is substantively supported by the context but incomplete relative to the reference.
25156467,Should early extubation be the goal for children after congenital cardiac surgery?,yes,"Most children undergoing congenital heart surgery can be extubated in the operating room. Most neonates, including many undergoing complex procedures, can be extubated within the first 24 hours after surgery. Early extubation was associated with low morbidity rates and short lengths of intensive care unit and hospital stays.","Yes, early extubation should be the goal for children after congenital cardiac surgery. Evidence from the study (PubMed ID: 25156467) shows that early extubation (≤24 hours) was associated with **lower mortality (1% vs. 9%)**, **reduced reintubation rates (4% vs. 23%)**, **fewer complications (5.1 per 10 procedures)**, and **shorter ICU and hospital stays**. These outcomes support an early extubation strategy as safe and beneficial, particularly when feasible. However, factors like preoperative mechanical ventilation, low weight, prolonged surgery, and postoperative inotrope use were linked to delayed extubation, highlighting the need for individualized assessment.",1,True,correct,grounded,not_applicable,no_failure,high,"The generated answer aligns with the reference answer's conclusion of 'yes' and is supported by the retrieved context (PubMed ID 25156467) which explicitly states early extubation was associated with lower mortality, reduced reintubation, fewer complications, and shorter ICU/hospital stays. The answer correctly cites the study's findings and factors influencing extubation timing without introducing unsupported claims."
25218577,Preservation of the PCL when performing cruciate-retaining TKA: Is the tibial tuberosity a reliable predictor of the PCL footprint location?,yes,"Current surgical techniques of tibial preparation may result in partial or total PCL damage. Tibial tuberosity is a useful anatomical landmark to locate the PCL footprint and to predict the probability of its detachment pre-, intra-, and postoperatively. This knowledge might be useful to predict and avoid instability, consecutive pain, and dissatisfaction after TKA related to PCL insufficiency.","The tibial tuberosity can serve as a referencing landmark to estimate the PCL footprint location during cruciate-retaining TKA, but its reliability is limited. Studies (PubMed ID: 25218577) found that the average vertical distance from the tibial tuberosity to the PCL footprint was 22 ± 4.4 mm proximally and 16 ± 4.4 mm distally. However, variability in distances was observed, with 5 knees at 50% risk of total PCL removal based on tibial tuberosity-tibial cut distances. While the tibial tuberosity provides a measurable reference, it does not guarantee precise prediction of the PCL footprint, highlighting its utility as a guide rather than an absolute predictor.",1,True,correct,grounded,appropriate_abstention,no_failure,high,"The generated answer aligns with the reference answer's conclusion that the tibial tuberosity is a useful but limited predictor. It directly references the study's findings on distances and risk of PCL removal, which are explicitly supported by the retrieved context."
25432938,Did Chile's traffic law reform push police enforcement?,yes,"Findings suggest that traffic law reforms in order to have an effect on both traffic fatality and injury rates reduction require changes in police enforcement practices. Last, this case also illustrates how the diffusion of successful road safety practices globally promoted by WHO and World Bank can be an important influence for enhancing national road safety practices.","Yes, Chile's traffic law reform was associated with increased police enforcement. The study found that the interaction between the traffic law reform and the number of traffic tickets per police officer significantly reduced traffic fatalities (8%) and severe injuries (7%). Additionally, police traffic enforcement alone reduced fatalities by 59% and severe injuries by 37% during 2007–2012, indicating that the law reform likely spurred greater police enforcement efforts. (PubMed ID: 25432938)",1,True,correct,grounded,not_applicable,no_failure,high,"The generated answer correctly states that Chile's traffic law reform was associated with increased police enforcement, supported by the retrieved context's findings on the interaction between the law reform and traffic tickets per officer reducing fatalities/injuries. The reference answer's 'yes' is substantively aligned with the generated answer."
25475395,Is there a correlation between androgens and sexual desire in women?,yes,"In the present study, FT and androstenedione were statistically significantly correlated with sexual desire in the total cohort of women. ADT-G did not correlate more strongly than circulating androgens with sexual desire and is therefore not superior to measuring circulating androgens by mass spectrometry.","Yes, there is a correlation between androgens and sexual desire in women, but it varies by age group and factors like hormonal contraception use. In a study of 560 women, sexual desire correlated with free testosterone (FT), androstenedione, and DHEAS in specific subgroups: FT and androstenedione in the total cohort, TT, FT, androstenedione, and DHEAS in women aged 25-44 without systemic hormonal contraception, and androstenedione in women aged 45-65. However, the overall correlation between androgens and sexual desire remains inconclusive, as noted in the study's discussion. These findings are supported by PubMed ID 25475395.",1,True,correct,grounded,not_applicable,no_failure,high,"The generated answer correctly reflects the study's findings from PubMed ID 25475395, including correlations between FT and androstenedione with sexual desire in the total cohort, subgroup variations, and the inconclusive overall correlation noted in the context. It aligns with the reference answer's affirmation of a correlation while adding supported subgroup details."
25501465,Evaluation of pediatric VCUG at an academic children's hospital: is the radiographic scout image necessary?,no,"Although the estimated effective dose is low for VCUG radiographic scout images, this step did not augment VCUG interpretation or contribute management-changing information. This step should be omitted or substituted to further reduce dose in pediatric VCUG.","The radiographic scout image during pediatric VCUG does not provide clinically significant or management-changing information, as no relevant findings were identified in the study. The scout image's primary role appears to be procedural, with an estimated effective radiation dose ranging from 0.09 to 0.18 mSv across age groups. While the study demonstrates that it does not augment VCUG interpretation, the necessity of the scout image remains context-dependent, as some institutions routinely obtain it despite its limited clinical impact. (PubMed ID: 25501465)",1,True,correct,grounded,appropriate_abstention,no_failure,high,The generated answer aligns with the reference answer's conclusion that the scout image is unnecessary. It correctly cites the lack of clinically significant findings and radiation dose data from the retrieved context. The mention of institutional variation is supported by the context's reference to institutions obtaining scout images. All claims are substantiated by the provided evidence.
26085176,MR Diagnosis of Bone Metastases at 1.5 T and 3 T: Can STIR Imaging Be Omitted?,yes,"The whole-body MRI protocol for the detection of bone metastases could safely be limited to the T1w sequence in adults, especially at 3 T. There is no need for an additional STIR sequence. These initial results will have a major impact on the department's workflow if confirmed by larger studies as they will help reduce examination time and therefore save financial resources.","The study found that T1-weighted (T1w) sequences demonstrated significantly higher sensitivity (99.72% at 3 T, 100.00% at 1.5 T) compared to STIR for detecting bone metastases, with better lesion conspicuity and image quality at both field strengths. STIR detected fewer metastases in 53% of patients at 3 T and 37.5% at 1.5 T. While the context does not explicitly recommend omitting STIR, the results suggest that T1w alone may suffice for detecting bone metastases, as STIR's inferior performance was consistently observed. Thus, STIR imaging may be omitted if T1w sequences are used, though the decision should consider clinical context and institutional protocols. [PubMed ID: 26085176]",1,True,correct,grounded,not_applicable,no_failure,high,"The generated answer correctly cites the study's findings (T1w superior sensitivity, STIR inferior detection) and aligns with the reference answer's conclusion that STIR may be omitted. The claims are directly supported by the retrieved context's statistical results and diagnostic comparisons."
26113007,Is arch form influenced by sagittal molar relationship or Bolton tooth-size discrepancy?,no,"Arch form in a Saudi patient group is independent of gender, sagittal molar relationship, and Bolton discrepancy.","The study (PubMed ID: 26113007) found no association between arch form (tapered, ovoid, square) and either sagittal molar relationship (Angle classification) or Bolton tooth-size discrepancy. The analysis using ANOVA, chi-square, and t-tests concluded that significant Bolton discrepancy was not linked to arch form or sagittal molar relationship. Thus, based on the provided evidence, arch form is not influenced by these factors.",1,True,correct,grounded,not_applicable,no_failure,high,"The generated answer directly aligns with the PubMedQA reference answer and is explicitly supported by the retrieved context (PubMed ID 26113007), which states no association between arch form and sagittal molar relationship/Bolton discrepancy using ANOVA, chi-square, and t-tests."
26134053,Outcome Feedback within Emergency Medicine Training Programs: An Opportunity to Apply the Theory of Deliberate Practice?,maybe,"While Canadian EM training programs do not mandate follow-up, it is performed electively by the majority of residents surveyed. Residents place a significantly greater educational value on outcome feedback than their program directors, and believe that follow-up should be a mandatory component of EM residencies.","The study highlights that outcome feedback is perceived as educationally valuable by residents (5.8/7) and program directors (5.1/7), though differences exist in its perceived necessity and implementation. However, the context does not explicitly discuss the application of deliberate practice theory or its potential integration into emergency medicine training programs. While residents emphasize the importance of follow-up for learning, the absence of mandatory structured feedback mechanisms in programs suggests a gap in aligning feedback practices with deliberate practice principles. Thus, the context supports the potential relevance of outcome feedback to deliberate practice but does not directly address its application in this framework. 

**PubMed ID:** 26134053",1,True,correct,grounded,appropriate_abstention,retrieval_failure,high,"The generated answer correctly identifies that outcome feedback is valued by residents (5.8/7) and program directors (5.1/7) and notes the absence of mandatory structured feedback mechanisms. It accurately reflects the context's finding that 76.9% of residents believed follow-up should be mandatory. The answer appropriately acknowledges the lack of deliberate practice theory discussion in the retrieved context, aligning with the reference answer's focus on the gap between resident and director perspectives. The failure to address deliberate practice application stems from insufficient retrieval, not generation."
26452334,Measurement of head and neck paragangliomas: is volumetric analysis worth the effort?,yes,"Due to a relatively good reproducibility, fast and easy application, we found the linear dimension method to be the most pragmatic approach for evaluation of growth of carotid and vagal body paragangliomas. For jugulotympanic tumours, the preferred method is manual area tracing. However, volumetric changes of these tumours may be of less clinical importance than changes in relation to surrounding anatomical structures.","The study evaluated methods for measuring head and neck paragangliomas, comparing linear dimensions, manual area tracing, and automated segmentation. For irregularly shaped tumors (e.g., temporal bone or conglomerates), **manual area tracing** showed better reproducibility (smallest detectable differences: 8%–26%) compared to linear dimensions (27%–54%), though it required more time (18.46 minutes vs. 4.27 minutes for linear dimensions). Automated segmentation, while fast (2.19 ± 1.49 minutes), had larger detectable differences (39%–75%) and technical failures. 

**Volumetric analysis** (manual tracing) is **worth the effort** for tumors with complex shapes, as it provides more accurate growth assessments critical for ""wait-and-scan"" management. However, it demands more time. Linear dimensions are faster but less precise, and automated methods remain unreliable in this context. Thus, volumetric analysis is valuable for specific cases but requires balancing accuracy against time constraints. 

**PubMed ID:** 26452334",1,True,correct,grounded,appropriate_abstention,no_failure,high,"The generated answer aligns with the reference decision 'yes' and incorporates specific evidence from PubMed ID 26452334 (context ranks 1-2) about manual area tracing's superior reproducibility (8-26% vs 27-54%) for complex tumors, time trade-offs, and its value for 'wait-and-scan' management. All claims are directly supported by the retrieved context."
26717802,After CLASS--Is a voluntary public insurance program a realistic way to meet the long-term support and service needs of adults with disabilities?,no,"While more than a quarter of the middle-aged adult population said they were interested in PAS insurance, actual participation would be highly dependent on premium rates. The current lack of publicly subsidized insurance for long-term care and personal assistance services remains a serious gap in the disability service system.","The CLASS Act, a voluntary public insurance program for personal assistance services (PAS), was repealed in 2013 due to concerns about enrollment and adverse selection (PubMed ID: 26717802). Survey data from 2011 indicated that 26.7% of adults aged 40–65 expressed interest in paying for PAS coverage, but only 1.8% were willing to pay $100/month, highlighting limited financial feasibility (PubMed ID: 26717802). While cost-saving potential was observed in a related Demonstration program for SSI enrollees (PubMed ID: 24237112), the context does not provide sufficient evidence to conclude whether a voluntary public insurance program like CLASS is a realistic long-term solution for adults with disabilities. The repeal and low willingness to pay suggest structural challenges, but the evidence is limited to these specific findings.",1,True,correct,grounded,not_applicable,no_failure,high,"The generated answer correctly aligns with the reference decision 'no' by citing the CLASS Act's repeal (PubMed 26717802) and low willingness to pay ($100/month) (PubMed 26717802). It references the Demonstration program's cost savings (PubMed 24237112) while acknowledging limitations, matching the reference answer's focus on financial feasibility and structural challenges."
27096199,Does Viral Co-Infection Influence the Severity of Acute Respiratory Infection in Children?,no,"The presence of more than one virus in hospitalized children with ARI is very frequent but it does not seem to have a major clinical impact in terms of severity. However bacterial superinfection increases the severity of the disease course. On the contrary, pneumococcal vaccination plays a protective role.","The provided evidence indicates that viral co-infection (as measured by the number of detected viruses) does not correlate with markers of severity in children with acute respiratory infections (ARI). However, bacterial superinfection was significantly associated with increased severity, including PICU admission, respiratory support requirements, and longer hospital stays (OR: 4.356–7.484; P < 0.001). Pneumococcal vaccination was identified as a protective factor against severe outcomes. The study did not find a significant link between viral co-infection and severity, though bacterial complications played a critical role. These findings were replicated in independent cohorts (PubMed ID: 27096199).",1,True,correct,grounded,not_applicable,no_failure,high,"The generated answer accurately reflects the retrieved context's findings that viral co-infection does not correlate with severity markers, while bacterial superinfection and pneumococcal vaccination are significant factors. All claims are directly supported by the provided PubMed ID 27096199 data."
27136599,Is it safe to perform rectal anastomosis in gynaecological debulking surgery without a diverting stoma?,yes,Low rectal resection during debulking procedures for gynaecological cancers with peritoneal carcinomatosis can safely be performed by an experienced surgeon without a diverting stoma.,"The provided context does not contain sufficient information to determine the safety of performing rectal anastomosis in gynaecological debulking surgery without a diverting stoma. While Source 1 mentions that some patients underwent a diverting loop ileostomy, it does not report complication rates (e.g., anastomotic leakage) specifically in the absence of a stoma. The study's primary outcome compared leakage with and without a stoma, but no explicit data on safety or outcomes without a stoma are provided. Thus, the evidence is inconclusive. 

PubMed ID: 27136599",1,True,correct,grounded,appropriate_abstention,retrieval_failure,high,"The generated answer correctly identifies that the retrieved context lacks explicit data on safety outcomes without a diverting stoma, despite the study comparing leakage rates with and without stoma. The reference answer's 'yes' is not supported by the provided context, which does not include the study's results or complication rates."
27216167,Gynecological cancer alarm symptoms: is contact with specialist care associated with lifestyle and socioeconomic status?,yes,Educational level influences contact with specialist care among patients with gynecological cancer alarm symptoms. Future studies should investigate inequalities in access to the secondary healthcare system.,"Contact with specialist care for gynecological cancer alarm symptoms is associated with socioeconomic status but not explicitly with lifestyle factors, based on the provided evidence. A Danish cohort study (PubMed ID: 27216167) found that individuals with higher educational levels (a socioeconomic indicator) had significantly higher odds of contacting specialist care (OR 1.86, 95% CI 1.17–2.95). The study investigated associations with both lifestyle and socioeconomic factors but only reported a statistically significant link to socioeconomic status. Lifestyle factors were included in the analysis but were not detailed in the context. Thus, the evidence supports an association with socioeconomic status but lacks specific information on lifestyle factors.",1,True,correct,grounded,appropriate_abstention,no_failure,high,"The generated answer correctly identifies socioeconomic status (educational level) as associated with specialist care contact, aligns with the reference answer's focus on educational disparities, and accurately reflects the Danish study's findings (OR 1.86) while noting lack of detailed lifestyle data. All claims are directly supported by the retrieved context."
27491658,Can predilatation in transcatheter aortic valve implantation be omitted?,yes,TAVI can be performed safely without balloon predilatation and with the same early results as achieved with the standard procedure including balloon predilatation. The reduction in the number of pacing periods required may be beneficial for the patient.,"Based on the provided context, a randomized study (PubMed ID: 27491658) compared TAVI outcomes with and without balloon predilatation. No significant differences were observed in early hemodynamic results or complication rates between the groups. This suggests that predilatation may not be necessary in all cases, though the decision might depend on specific patient factors or procedural protocols. However, the context does not provide broader consensus or long-term data on omitting predilatation. 

**Answer:**  
A study (PubMed ID: 27491658) found no significant differences in early hemodynamic outcomes or complication rates between TAVI patients with and without balloon predilatation, suggesting it may be omitted in some cases. However, the context does not provide definitive guidelines for universal omission.",1,True,correct,grounded,appropriate_abstention,no_failure,high,"The generated answer correctly cites the randomized study (PubMed 27491658) showing no significant differences in outcomes between TAVI groups with/without predilatation, aligning with the reference answer. It appropriately acknowledges the study's limitations without overreaching, and all claims are directly supported by the retrieved context."
27581329,Estimation of basal metabolic rate in Chinese: are the current prediction equations applicable?,yes,"To date, the newly developed Singapore equation is the most accurate BMR prediction equation in Chinese and is applicable for use in a large BMI range including those overweight and obese.","The current prediction equations for basal metabolic rate (BMR) in Chinese adults may not be optimal. A study (PubMed ID: 27581329) developed a new BMR equation specifically for Chinese adults, which demonstrated higher accuracy (78% within 10% error) compared to existing equations like Harris-Benedict (45%), Yang (37%), and others. The new equation (BMR = 52.6 × weight + 828 × gender + 1960; gender = 1 for men, 0 for women) showed better performance across a wide BMI range (16–41 kg/m²) and was validated in a separate cohort with 80% accuracy. While some existing equations (e.g., Singapore equation) also showed reasonable accuracy for BMI >23, the study highlights that equations tailored to Chinese populations provide more reliable estimates than general equations. Thus, current equations may not be fully applicable, and the newly derived equation is recommended for improved precision.",1,True,incorrect,grounded,answered_with_insufficient_evidence,generation_failure,medium,"The generated answer contradicts the PubMedQA reference answer by concluding current equations may not be fully applicable, while the reference explicitly states they are applicable (with the Singapore equation as the most accurate). The retrieved context supports the new equation's higher accuracy (78% vs. Singapore's 76% for BMI >23), but the reference answer's decision ('yes') indicates current equations are still considered applicable, leading to a material factual conflict."
27989969,Does the Simultaneous Use of a Neuroendoscope Influence the Incidence of Ventriculoperitoneal Shunt Infection?,no,"In the present study, the use of an endoscope during VPS procedures did not increase the risk of surgical infection.","The study (PubMed ID: 27989969) investigated whether simultaneous neuroendoscope use during ventriculoperitoneal shunt (VPS) procedures influenced infection rates. Overall, infection rates were 22.4% in endoscope-use groups versus 18% in non-endoscope groups (P = 0.449), which was not statistically significant. Subgroup analyses showed higher rates in first-time shunt placements with endoscopes (28.6% vs. 16.2%, P = 0.27), but no significant difference in second-time shunt placements (20% vs. 19.8%, P = 0.977). The results suggest no clear association between endoscope use and increased infection risk, though the study acknowledges limited statistical power. 

**Answer:** The study found no statistically significant increase in VPS infection rates with simultaneous neuroendoscope use (overall P = 0.449), though subgroup analyses showed some variability. PubMed ID: 27989969.",1,True,correct,grounded,appropriate_abstention,no_failure,high,"The generated answer accurately reflects the reference decision 'no' and aligns with the retrieved context's data (22.4% vs 18% infection rates, P=0.449). All claims are directly supported by the study's subgroup analyses and statistical findings."
28359277,Do healthier lifestyles lead to less utilization of healthcare resources?,no,"Healthy lifestyles lead to an increase in the utilization of preventive health services. However, there is not much significantly reducing the number of outpatient visits in people with health behaviors. Specifically, people with regular exercise habits and who take their blood pressure measurement regularly have an increased number of outpatient visits. It is suggested that more available and accessible health consultation services be provided to inculcate in the general public the importance of maintaining a healthy lifestyle.","The provided context indicates that health behaviors (e.g., exercise, diet, blood pressure monitoring, drinking habits) are significantly correlated with healthcare utilization (P<0.05) in a Taiwanese population study (PubMed ID: 28359277). However, the direction of this correlation (whether healthier lifestyles lead to *less* or *more* utilization) is not explicitly stated in the evidence. While the study demonstrates a statistical association, it does not clarify whether healthier behaviors reduce or increase healthcare resource use. Thus, the context does not provide sufficient information to definitively answer the question. 

**Answer:** The context shows a significant correlation between health behaviors and healthcare utilization, but the direction of this relationship (whether healthier lifestyles lead to less utilization) is not specified. Therefore, the evidence does not conclusively support or refute the claim.",1,True,partially_correct,grounded,appropriate_abstention,retrieval_failure,medium,"The generated answer correctly identifies that the retrieved context shows a significant correlation between health behaviors and healthcare utilization (P<0.05) but does not specify the direction of the relationship. However, the reference answer explicitly states 'no' with supporting details about increased outpatient visits for healthy behaviors, which the generated answer does not directly address. The context lacks explicit information about whether healthier lifestyles reduce or increase utilization, making retrieval insufficient for a definitive answer."
8422202,Metered-dose inhalers. Do health care providers know what to teach?,no,"This study confirms that a large percentage of patients use metered-dose inhalers improperly. It also demonstrates a significant lack of understanding by health care providers of the proper use of metered-dose inhalers. Furthermore, this study supports the use of respiratory care practitioners in the outpatient setting, since they were the most proficient among all the health care providers in the proper use of metered-dose inhalers.","Health care providers' knowledge of proper metered-dose inhaler (MDI) use varies. A study (PubMed ID: 8422202) found that respiratory care practitioners were the most knowledgeable, while house staff and nursing staff demonstrated less proficiency. Patients also had poor understanding of MDI techniques. This suggests that while some providers are adequately trained, others may lack sufficient knowledge to teach patients effectively.",1,True,correct,grounded,not_applicable,no_failure,high,"The generated answer accurately reflects the context's findings that respiratory care practitioners were most proficient while house staff/nurses were less so, and patients had poor understanding. This aligns with the reference answer's conclusion that healthcare providers lack understanding, with the generated answer providing specific details supported by the retrieved context."
8847047,Prognosis of well differentiated small hepatocellular carcinoma--is well differentiated hepatocellular carcinoma clinically early cancer?,no,"W-d HCCs were clinically demonstrated not to be early cancer, because there was no significant difference in disease free survival between the patients with w-d and l-d HCCs.","The prognosis of well-differentiated (w-d) small hepatocellular carcinoma (HCC) is not definitively early-stage cancer. A study of 76 patients with solitary small HCCs (≤3 cm) found no significant differences in disease-free survival between w-d HCCs (Edmondson and Steiner grade I) and less differentiated (l-d) HCCs. Additionally, tumor volume doubling time analysis suggested that minute cancerous foci were present at the time of surgery, indicating potential subclinical progression. While w-d HCCs showed lower fibrous capsule formation and intact portal veins, these features did not correlate with improved outcomes. Thus, w-d HCCs may not be considered clinically early cancer due to similar recurrence risks and evidence of preoperative tumor growth. [PubMed ID: 8847047]",1,True,correct,grounded,appropriate_abstention,no_failure,high,"The generated answer correctly reflects the study's findings from PubMed ID 8847047, which shows no survival difference between w-d and l-d HCCs and evidence of preoperative tumor growth. All claims are directly supported by the retrieved context."
9003088,Immunohistochemical assessment of steroid hormone receptors in tissues of the anal canal. Implications for anal incontinence?,yes,Expression of ER is a constitutional feature of the connective tissue and smooth muscle cells of the anal continence organ. Estrogen receptors and PR are not detectable in the striated muscle fibers of the external anal sphincter in either sex. The presence of ER in the stroma and smooth muscles of the anal canal suggests that these tissues are targets for estrogen. This constitutes a theoretical basis for the beneficial effects of estrogen and progestin replacement on anal continence in postmenopausal women.,"The immunohistochemical study (PubMed ID: 9003088) demonstrated the presence of estrogen receptors (ER) and progesterone receptors (PR) in tissues of the anal canal, specifically in smooth muscle cells of the internal sphincter (in females and some males) and perimuscular connective tissue (in females). ER was also detected in striated muscle of the external sphincter in males but not in females. PR was found in ~50% of ER-positive tissues in females and in one male's smooth muscle. These findings suggest that steroid hormones may influence anal canal tissues, potentially impacting sphincter function. However, the context does not explicitly link receptor presence to anal incontinence outcomes, though the study implies hormonal mechanisms could theoretically affect continence. No direct causal relationship or clinical implications for incontinence are provided in the evidence.",1,True,correct,grounded,appropriate_abstention,no_failure,high,"The generated answer accurately reflects the retrieved context's findings about ER and PR distribution in anal canal tissues, aligns with the reference answer's conclusions about hormonal influences on continence, and appropriately notes the absence of direct causal links to incontinence in the evidence."
9199905,Vertical lines in distal esophageal mucosa (VLEM): a true endoscopic manifestation of esophagitis in children?,yes,Histology usually demonstrated moderate to severe inflammation when VLEM were present. VLEM may be a highly specific endoscopic feature of esophagitis in children.,"The evidence supports that vertical lines in distal esophageal mucosa (VLEM) are a true endoscopic manifestation of esophagitis in children. In a study of 41 children with VLEM, 34 (83%) had eosinophilic esophagitis (moderate to severe), and only 1 biopsy showed normal histology. VLEM was strongly associated with significant histologic changes, though its sensitivity and specificity for diagnosing esophagitis are not fully detailed. This association aligns with the authors' designation of VLEM as an endoscopic finding linked to histologic esophagitis. [PubMed ID: 9199905]",1,True,correct,grounded,appropriate_abstention,no_failure,high,"The generated answer correctly cites the study's findings (34/41 children with eosinophilic esophagitis, 83% with moderate-severe inflammation) from the retrieved context, aligning with the reference answer's assertion of VLEM as a specific endoscopic feature. The answer appropriately uses the provided evidence without overreaching or omitting key supporting data."
9444542,Does hippocampal atrophy on MRI predict cognitive decline?,no,HCA was not found to be a predictor of subsequent cognitive decline in this series.,"Based on the provided evidence, hippocampal atrophy (HCA) on MRI does not significantly predict cognitive decline. A prospective study (PubMed ID: 9444542) followed subjects with and without HCA over 2 years, using the Cambridge Cognitive Examination (CAMCOG) to assess cognitive function. The results showed no significant differences in the rate of cognitive decline, mortality, or progression to dementia between groups with or without HCA. Thus, HCA was not found to correlate with accelerated cognitive decline in this cohort.",1,True,correct,grounded,appropriate_abstention,no_failure,high,"The generated answer correctly states that HCA does not predict cognitive decline, supported by the prospective study (PubMed 9444542) in the retrieved context showing no significant differences in cognitive decline rates. The reference answer and generated answer align, and the evidence is directly grounded in the provided context."
9645785,Is a mandatory general surgery rotation necessary in the surgical clerkship?,no,Effective undergraduate surgical education can be offered in many specialty settings. Removal of the requirement for general surgery in clerkship may lead to a more effective use of all educational opportunities. A careful analysis of local programs and facilities is necessary before suggesting this change to other institutions.,"Based on the provided evidence, a mandatory general surgery rotation in the surgical clerkship is not necessary. A study (PubMed ID: 9645785) found no differences in scores between students who completed a general surgery rotation and those who did not, across written exams, OSCEs, ward evaluations, and self-assessment metrics. This suggests that equal mastery of surgical clerkship objectives can be achieved without a mandatory general surgery rotation.",1,True,correct,grounded,appropriate_abstention,no_failure,high,"The generated answer correctly states that a mandatory general surgery rotation is not necessary, citing study PubMed ID 9645785 which directly supports this conclusion. The context explicitly shows no differences in scores between students with/without the rotation, aligning with the reference answer."
